timestamp,Open,High,Low,Close,Volume
2025-02-18 16:22:00,95440.01,95440.01,95262.3,95313.98,61.584
2025-02-18 16:23:00,95313.99,95313.99,95250.0,95285.17,20.3617
2025-02-18 16:24:00,95285.18,95291.32,95259.86,95266.49,10.38092
2025-02-18 16:25:00,95266.5,95293.53,95250.0,95293.53,8.82242
2025-02-18 16:26:00,95293.53,95369.82,95293.53,95369.82,6.78167
2025-02-18 16:27:00,95369.82,95409.41,95309.08,95309.08,6.65943
2025-02-18 16:28:00,95309.09,95341.69,95270.0,95329.49,9.2216
2025-02-18 16:29:00,95329.49,95350.0,95260.0,95266.78,7.19885
2025-02-18 16:30:00,95266.78,95266.78,95221.02,95241.53,17.35514
2025-02-18 16:31:00,95241.54,95260.0,95208.93,95208.93,11.2927
2025-02-18 16:32:00,95208.93,95217.27,95126.43,95142.44,41.25338
2025-02-18 16:33:00,95142.44,95187.99,95123.0,95123.02,14.9297
2025-02-18 16:34:00,95123.02,95136.93,95123.0,95123.0,13.63259
2025-02-18 16:35:00,95123.01,95132.71,95050.0,95074.88,58.01339
2025-02-18 16:36:00,95074.89,95074.89,94800.0,94825.84,434.16793
2025-02-18 16:37:00,94825.84,94929.8,94811.78,94850.17,80.03461
2025-02-18 16:38:00,94850.17,94913.85,94828.72,94878.03,34.20351
2025-02-18 16:39:00,94878.02,94888.0,94771.43,94814.98,85.29717
2025-02-18 16:40:00,94814.98,94894.04,94789.61,94863.44,36.82377
2025-02-18 16:41:00,94863.44,94863.44,94740.45,94771.0,44.66739
2025-02-18 16:42:00,94771.0,94791.98,94721.76,94743.56,24.45732
2025-02-18 16:43:00,94743.56,94743.56,94680.0,94691.25,37.53492
2025-02-18 16:44:00,94691.24,94718.48,94666.33,94671.66,29.91145
2025-02-18 16:45:00,94671.66,94767.99,94666.01,94755.27,32.21449
2025-02-18 16:46:00,94757.09,94765.19,94635.31,94650.0,49.03223
2025-02-18 16:47:00,94650.0,94702.23,94637.18,94680.03,21.42975
2025-02-18 16:48:00,94680.02,94726.61,94617.45,94651.19,77.88989
2025-02-18 16:49:00,94651.2,94747.88,94651.19,94726.51,45.95657
2025-02-18 16:50:00,94726.51,94816.03,94686.23,94810.45,47.8639
2025-02-18 16:51:00,94810.45,94913.57,94789.55,94850.96,62.82111
2025-02-18 16:52:00,94850.96,94850.96,94753.13,94827.33,48.16524
2025-02-18 16:53:00,94827.33,94859.1,94784.1,94795.88,12.3389
2025-02-18 16:54:00,94795.88,94848.35,94788.77,94848.35,14.91708
2025-02-18 16:55:00,94848.35,94853.48,94759.24,94797.61,12.91588
2025-02-18 16:56:00,94797.6,94848.42,94750.0,94779.4,24.31826
2025-02-18 16:57:00,94779.4,94781.43,94727.44,94727.44,23.05175
2025-02-18 16:58:00,94726.88,94726.88,94622.0,94700.0,92.52158
2025-02-18 16:59:00,94700.0,94703.84,94617.71,94639.98,17.34729
2025-02-18 17:00:00,94639.98,94691.79,94630.0,94642.35,20.32273
2025-02-18 17:01:00,94642.36,94765.86,94642.36,94737.42,9.50507
2025-02-18 17:02:00,94737.42,94758.91,94711.18,94711.18,13.00771
2025-02-18 17:03:00,94711.19,94770.99,94700.41,94752.91,11.84423
2025-02-18 17:04:00,94752.9,94752.91,94694.81,94728.83,7.69697
2025-02-18 17:05:00,94728.07,94777.95,94722.2,94746.68,8.40998
2025-02-18 17:06:00,94746.68,94762.65,94663.66,94752.83,11.29187
2025-02-18 17:07:00,94752.83,94800.0,94713.96,94766.24,11.83278
2025-02-18 17:08:00,94766.24,94838.74,94746.38,94838.73,46.9072
2025-02-18 17:09:00,94838.73,94878.74,94800.08,94819.49,57.81052
2025-02-18 17:10:00,94819.49,94819.49,94749.99,94766.79,15.85072
2025-02-18 17:11:00,94766.79,94766.79,94692.3,94732.21,16.2535
2025-02-18 17:12:00,94732.22,94823.35,94705.91,94795.21,12.95492
2025-02-18 17:13:00,94795.2,94809.98,94747.86,94781.38,8.8534
2025-02-18 17:14:00,94781.38,94809.63,94774.17,94774.17,6.40728
2025-02-18 17:15:00,94774.18,94774.18,94692.31,94707.53,13.47485
2025-02-18 17:16:00,94707.52,94716.3,94632.63,94639.64,15.60942
2025-02-18 17:17:00,94639.64,94654.37,94622.93,94654.37,6.22867
2025-02-18 17:18:00,94654.38,94676.13,94630.1,94630.57,9.54532
2025-02-18 17:19:00,94630.56,94649.0,94618.24,94618.25,11.50303
2025-02-18 17:20:00,94618.25,94618.25,94566.87,94575.99,46.4733
2025-02-18 17:21:00,94576.0,94635.33,94575.99,94607.66,13.09849
2025-02-18 17:22:00,94607.66,94630.9,94589.5,94615.47,22.16587
2025-02-18 17:23:00,94615.47,94616.06,94571.23,94571.23,12.67511
2025-02-18 17:24:00,94571.24,94608.49,94513.06,94561.39,56.30648
2025-02-18 17:25:00,94561.39,94576.81,94528.3,94558.08,25.9237
2025-02-18 17:26:00,94558.08,94579.34,94527.15,94529.52,11.46597
2025-02-18 17:27:00,94529.52,94529.52,94456.0,94479.07,135.19613
2025-02-18 17:28:00,94479.06,94625.45,94473.89,94625.45,28.86485
2025-02-18 17:29:00,94625.45,94625.46,94529.57,94529.58,14.14622
2025-02-18 17:30:00,94529.58,94531.61,94433.0,94436.01,49.3352
2025-02-18 17:31:00,94436.01,94546.36,94416.0,94517.73,28.50333
2025-02-18 17:32:00,94517.72,94549.31,94380.01,94414.45,37.45606
2025-02-18 17:33:00,94414.45,94443.05,94350.0,94373.79,68.475
2025-02-18 17:34:00,94373.78,94373.79,94300.0,94333.18,73.02483
2025-02-18 17:35:00,94333.19,94347.39,94264.18,94277.76,50.80564
2025-02-18 17:36:00,94277.76,94277.76,94241.73,94252.91,32.58565
2025-02-18 17:37:00,94252.91,94261.88,94180.63,94231.4,55.8891
2025-02-18 17:38:00,94231.41,94283.34,94180.64,94221.52,28.80265
2025-02-18 17:39:00,94221.51,94373.9,94221.51,94373.9,30.40831
2025-02-18 17:40:00,94373.9,94496.51,94354.61,94487.11,33.082
2025-02-18 17:41:00,94487.11,94494.62,94405.01,94447.13,16.47334
2025-02-18 17:42:00,94447.13,94499.0,94420.35,94459.48,17.94545
2025-02-18 17:43:00,94459.48,94459.48,94365.19,94390.44,12.92239
2025-02-18 17:44:00,94390.43,94409.39,94248.31,94258.86,15.11277
2025-02-18 17:45:00,94258.86,94271.9,94233.08,94239.43,10.81648
2025-02-18 17:46:00,94239.43,94245.19,94180.93,94180.94,11.2132
2025-02-18 17:47:00,94180.94,94219.04,94135.84,94182.82,46.77758
2025-02-18 17:48:00,94182.81,94194.59,94111.52,94135.19,16.86648
2025-02-18 17:49:00,94135.19,94142.76,94120.66,94120.67,13.65487
2025-02-18 17:50:00,94120.67,94219.51,94120.66,94201.05,16.33705
2025-02-18 17:51:00,94201.05,94311.07,94178.67,94292.2,22.03525
2025-02-18 17:52:00,94292.19,94305.32,94148.91,94170.55,47.79485
2025-02-18 17:53:00,94170.55,94230.46,94148.92,94202.5,9.31239
2025-02-18 17:54:00,94202.51,94278.94,94202.5,94278.94,22.96134
2025-02-18 17:55:00,94278.94,94278.94,94222.47,94273.66,6.94881
2025-02-18 17:56:00,94273.66,94342.79,94193.39,94193.39,22.89115
2025-02-18 17:57:00,94193.4,94193.4,94148.92,94148.92,15.87345
2025-02-18 17:58:00,94148.93,94148.93,94133.76,94141.54,4.57445
2025-02-18 17:59:00,94141.54,94164.0,94102.15,94102.16,22.39852
2025-02-18 18:00:00,94102.16,94118.1,93824.26,93873.25,301.83849
2025-02-18 18:01:00,93873.24,93918.64,93749.92,93865.66,118.45582
2025-02-18 18:02:00,93865.66,94088.49,93852.16,94043.34,61.15676
2025-02-18 18:03:00,94043.34,94234.69,94043.21,94115.01,43.42582
2025-02-18 18:04:00,94115.0,94350.87,94078.23,94293.35,60.51345
2025-02-18 18:05:00,94293.34,94338.71,94182.57,94307.74,26.5104
2025-02-18 18:06:00,94307.73,94307.74,94213.76,94261.4,16.43709
2025-02-18 18:07:00,94261.4,94265.32,94115.43,94125.75,18.46742
2025-02-18 18:08:00,94125.74,94125.75,94071.43,94071.43,8.40717
2025-02-18 18:09:00,94071.06,94071.06,94013.01,94017.1,16.37226
2025-02-18 18:10:00,94017.09,94052.87,94005.0,94052.87,12.02391
2025-02-18 18:11:00,94052.87,94145.75,94027.39,94061.28,45.20465
2025-02-18 18:12:00,94061.27,94064.68,94005.0,94063.98,29.00795
2025-02-18 18:13:00,94063.98,94063.99,94010.0,94012.37,16.16964
2025-02-18 18:14:00,94012.37,94051.23,93938.4,94051.23,48.33821
2025-02-18 18:15:00,94051.23,94051.24,93905.0,93908.76,11.00744
2025-02-18 18:16:00,93908.76,93994.57,93863.0,93989.76,21.43521
2025-02-18 18:17:00,93989.77,94081.08,93967.17,94023.58,17.49627
2025-02-18 18:18:00,94023.59,94039.73,93967.75,94017.21,11.94441
2025-02-18 18:19:00,94017.21,94108.16,93995.0,94048.01,17.71312
2025-02-18 18:20:00,94048.02,94050.86,93980.0,93980.01,21.50935
2025-02-18 18:21:00,93980.01,93985.38,93915.0,93936.71,15.09188
2025-02-18 18:22:00,93936.7,94064.1,93930.42,94050.74,15.09978
2025-02-18 18:23:00,94050.73,94069.32,93999.14,94069.31,9.15701
2025-02-18 18:24:00,94069.31,94180.0,94030.0,94179.99,16.47636
2025-02-18 18:25:00,94179.99,94180.0,94093.49,94136.5,22.47456
2025-02-18 18:26:00,94136.5,94140.82,94091.44,94104.84,7.93366
2025-02-18 18:27:00,94104.84,94104.84,94032.66,94042.55,8.76522
2025-02-18 18:28:00,94042.55,94075.48,94036.51,94050.0,15.91093
2025-02-18 18:29:00,94050.01,94083.09,94021.09,94049.54,17.22881
2025-02-18 18:30:00,94049.54,94049.54,93947.89,93953.73,34.9607
2025-02-18 18:31:00,93953.72,93967.95,93900.0,93935.29,14.44645
2025-02-18 18:32:00,93935.3,94000.0,93910.71,93999.99,18.76529
2025-02-18 18:33:00,94000.0,94024.22,93946.56,93993.3,20.6774
2025-02-18 18:34:00,93993.29,94002.68,93947.08,93956.95,33.08132
2025-02-18 18:35:00,93956.95,93956.95,93837.63,93851.22,20.5482
2025-02-18 18:36:00,93851.22,93891.45,93770.0,93809.17,46.06479
2025-02-18 18:37:00,93809.17,93887.56,93791.64,93816.54,14.12663
2025-02-18 18:38:00,93816.54,93900.24,93807.17,93900.24,21.72819
2025-02-18 18:39:00,93901.03,93917.59,93826.33,93886.9,27.30441
2025-02-18 18:40:00,93886.89,93911.03,93802.0,93802.01,46.90432
2025-02-18 18:41:00,93802.01,93812.0,93758.94,93769.55,14.61613
2025-02-18 18:42:00,93769.55,93769.55,93719.5,93730.28,41.99424
2025-02-18 18:43:00,93730.28,93768.2,93707.36,93716.87,21.74975
2025-02-18 18:44:00,93716.86,93743.81,93700.0,93736.37,16.76136
2025-02-18 18:45:00,93736.37,93815.45,93651.07,93669.8,53.2303
2025-02-18 18:46:00,93669.8,93700.01,93615.75,93631.19,47.1681
2025-02-18 18:47:00,93631.19,93687.02,93627.06,93665.19,36.54411
2025-02-18 18:48:00,93665.18,93672.96,93615.75,93637.7,17.35601
2025-02-18 18:49:00,93637.7,93643.25,93603.18,93618.4,26.25053
2025-02-18 18:50:00,93618.4,93643.04,93600.0,93616.26,14.20622
2025-02-18 18:51:00,93616.25,93929.11,93616.25,93907.95,64.98807
2025-02-18 18:52:00,93907.94,93950.28,93874.88,93874.89,14.4429
2025-02-18 18:53:00,93874.89,93896.0,93801.01,93842.67,16.07546
2025-02-18 18:54:00,93842.67,93970.75,93832.25,93970.75,19.77309
2025-02-18 18:55:00,93970.75,94025.89,93952.29,94011.31,14.33673
2025-02-18 18:56:00,94011.32,94045.0,94010.5,94010.51,21.50576
2025-02-18 18:57:00,94010.5,94010.5,93891.04,93941.42,12.13458
2025-02-18 18:58:00,93941.42,94015.98,93900.0,93984.55,19.60345
2025-02-18 18:59:00,93984.54,93995.99,93924.02,93924.03,14.57921
2025-02-18 19:00:00,93924.03,93924.03,93808.31,93810.41,18.63035
2025-02-18 19:01:00,93810.41,93855.2,93753.63,93766.7,18.72425
2025-02-18 19:02:00,93766.7,93782.5,93732.39,93766.01,8.09103
2025-02-18 19:03:00,93766.01,93809.44,93735.51,93751.77,19.75982
2025-02-18 19:04:00,93751.77,93762.46,93727.2,93734.15,11.39068
2025-02-18 19:05:00,93734.16,93734.16,93640.77,93684.48,27.40839
2025-02-18 19:06:00,93684.48,93684.48,93610.0,93659.4,27.60298
2025-02-18 19:07:00,93659.4,93659.4,93469.05,93489.0,136.49527
2025-02-18 19:08:00,93489.0,93535.7,93388.09,93535.69,75.40416
2025-02-18 19:09:00,93535.7,93602.61,93458.41,93593.79,59.41835
2025-02-18 19:10:00,93593.8,93675.86,93563.47,93576.15,31.45241
2025-02-18 19:11:00,93576.14,93621.99,93544.46,93600.24,13.27858
2025-02-18 19:12:00,93600.25,93604.29,93488.7,93494.33,23.598
2025-02-18 19:13:00,93494.32,93554.37,93436.0,93554.37,39.68016
2025-02-18 19:14:00,93554.36,93568.76,93489.52,93512.71,12.62461
2025-02-18 19:15:00,93512.71,93512.71,93422.19,93428.69,27.02496
2025-02-18 19:16:00,93428.69,93532.13,93427.34,93480.72,33.82913
2025-02-18 19:17:00,93480.73,93644.88,93458.17,93634.01,31.63499
2025-02-18 19:18:00,93634.01,93638.25,93553.64,93574.01,24.71836
2025-02-18 19:19:00,93574.01,93579.91,93500.0,93510.36,16.3659
2025-02-18 19:20:00,93510.35,93520.0,93457.9,93506.29,13.13158
2025-02-18 19:21:00,93506.29,93600.0,93497.05,93543.36,16.48395
2025-02-18 19:22:00,93543.36,93649.27,93530.13,93625.13,17.15019
2025-02-18 19:23:00,93625.12,93625.12,93585.71,93585.72,7.16772
2025-02-18 19:24:00,93585.72,93764.4,93585.71,93762.9,24.9712
2025-02-18 19:25:00,93762.91,93790.79,93666.23,93705.74,31.66402
2025-02-18 19:26:00,93705.75,93721.76,93684.26,93698.24,13.01952
2025-02-18 19:27:00,93698.24,93834.99,93698.23,93834.99,12.74328
2025-02-18 19:28:00,93834.99,93876.38,93738.3,93738.3,19.29396
2025-02-18 19:29:00,93738.31,93754.31,93668.78,93679.63,11.88218
2025-02-18 19:30:00,93679.62,93686.22,93601.41,93655.37,30.61312
2025-02-18 19:31:00,93655.38,93695.57,93613.61,93695.56,19.83347
2025-02-18 19:32:00,93695.57,93775.06,93677.84,93775.06,34.02183
2025-02-18 19:33:00,93775.06,93871.03,93762.56,93799.64,37.4898
2025-02-18 19:34:00,93799.65,93834.99,93770.17,93834.99,13.96576
2025-02-18 19:35:00,93834.99,93898.63,93797.59,93835.99,29.06945
2025-02-18 19:36:00,93835.99,93931.35,93835.99,93931.35,13.8538
2025-02-18 19:37:00,93931.34,93977.98,93931.34,93940.63,18.65098
2025-02-18 19:38:00,93940.63,93940.63,93852.43,93886.02,20.4444
2025-02-18 19:39:00,93886.01,93941.56,93876.8,93919.05,9.04392
2025-02-18 19:40:00,93919.05,93956.13,93904.0,93936.4,8.96608
2025-02-18 19:41:00,93936.4,94017.03,93900.0,94004.98,15.81191
2025-02-18 19:42:00,94004.98,94004.99,93974.12,93990.42,5.96039
2025-02-18 19:43:00,93990.41,93994.62,93900.0,93912.48,16.35574
2025-02-18 19:44:00,93912.49,94037.9,93900.01,94021.77,36.01408
2025-02-18 19:45:00,94021.76,94021.77,93951.63,93967.52,10.59187
2025-02-18 19:46:00,93967.51,94165.4,93967.51,94161.3,27.63958
2025-02-18 19:47:00,94161.3,94333.33,94156.27,94319.48,36.01211
2025-02-18 19:48:00,94319.48,94391.81,94278.12,94298.72,39.28709
2025-02-18 19:49:00,94298.71,94386.44,94265.71,94366.45,17.19193
2025-02-18 19:50:00,94366.44,94403.88,94230.76,94240.19,28.98413
2025-02-18 19:51:00,94240.2,94356.0,94215.98,94356.0,22.81007
2025-02-18 19:52:00,94355.99,94355.99,94304.63,94306.82,8.635
2025-02-18 19:53:00,94306.82,94306.83,94250.01,94255.34,11.42226
2025-02-18 19:54:00,94255.33,94259.52,94212.0,94259.51,14.06968
2025-02-18 19:55:00,94259.51,94259.52,94162.29,94174.5,9.07224
2025-02-18 19:56:00,94176.19,94176.19,94102.73,94102.74,13.32228
2025-02-18 19:57:00,94102.73,94151.05,94093.92,94149.26,21.34646
2025-02-18 19:58:00,94149.27,94162.43,94093.91,94131.43,7.52813
2025-02-18 19:59:00,94131.43,94135.06,94080.32,94104.14,12.473
2025-02-18 20:00:00,94104.15,94111.32,94027.37,94061.69,11.74874
2025-02-18 20:01:00,94061.7,94103.93,94025.19,94097.71,15.14579
2025-02-18 20:02:00,94097.72,94097.72,94044.71,94064.22,7.4745
2025-02-18 20:03:00,94064.22,94064.22,93988.0,93993.56,10.65889
2025-02-18 20:04:00,93993.55,94007.66,93957.61,94007.66,13.7883
2025-02-18 20:05:00,94007.65,94061.26,93978.19,94061.26,12.91741
2025-02-18 20:06:00,94061.25,94085.41,94009.21,94079.99,9.41721
2025-02-18 20:07:00,94079.98,94130.75,94079.98,94126.97,12.261
2025-02-18 20:08:00,94126.97,94246.95,94126.97,94232.3,15.72908
2025-02-18 20:09:00,94232.3,94282.43,94228.3,94249.24,10.1762
2025-02-18 20:10:00,94249.25,94258.56,94195.76,94245.05,29.50848
2025-02-18 20:11:00,94245.06,94317.41,94245.05,94317.4,15.96595
2025-02-18 20:12:00,94317.4,94328.5,94300.44,94328.49,6.53788
2025-02-18 20:13:00,94328.49,94415.03,94328.49,94415.03,16.26319
2025-02-18 20:14:00,94415.03,94458.4,94409.39,94444.0,9.68101
2025-02-18 20:15:00,94444.0,94452.9,94351.26,94367.95,25.39027
2025-02-18 20:16:00,94367.95,94376.88,94300.0,94319.89,16.01907
2025-02-18 20:17:00,94319.89,94363.01,94279.25,94279.25,21.60347
2025-02-18 20:18:00,94279.26,94303.48,94272.01,94303.47,6.0812
2025-02-18 20:19:00,94303.48,94386.0,94303.48,94386.0,13.12652
2025-02-18 20:20:00,94386.0,94401.84,94276.36,94287.17,44.29777
2025-02-18 20:21:00,94287.18,94291.75,94230.0,94245.18,22.35838
2025-02-18 20:22:00,94245.17,94327.32,94204.0,94327.31,9.72103
2025-02-18 20:23:00,94327.31,94338.3,94262.51,94262.51,17.03099
2025-02-18 20:24:00,94262.51,94279.25,94247.31,94271.37,10.02173
2025-02-18 20:25:00,94271.38,94276.0,94169.63,94169.63,10.6419
2025-02-18 20:26:00,94169.62,94169.62,94119.52,94119.52,11.94265
2025-02-18 20:27:00,94119.52,94148.15,94103.55,94148.14,10.37187
2025-02-18 20:28:00,94148.15,94188.49,94140.99,94178.36,39.04752
2025-02-18 20:29:00,94178.37,94237.16,94168.27,94225.49,25.40738
2025-02-18 20:30:00,94225.48,94225.48,94138.85,94175.16,94.12092
2025-02-18 20:31:00,94175.15,94251.85,94175.15,94251.84,15.69043
2025-02-18 20:32:00,94251.85,94297.44,94251.84,94297.43,14.1071
2025-02-18 20:33:00,94297.44,94318.86,94282.0,94286.71,9.24086
2025-02-18 20:34:00,94286.71,94286.71,94201.5,94201.51,11.37563
2025-02-18 20:35:00,94201.51,94217.7,94184.3,94197.31,9.45451
2025-02-18 20:36:00,94197.3,94197.31,94122.0,94122.01,5.94923
2025-02-18 20:37:00,94122.01,94122.01,93963.2,93999.73,21.77114
2025-02-18 20:38:00,93999.73,94004.65,93957.62,93965.72,16.67637
2025-02-18 20:39:00,93965.72,93965.72,93785.33,93796.67,25.26649
2025-02-18 20:40:00,93796.66,93887.19,93730.72,93887.19,52.54283
2025-02-18 20:41:00,93887.18,93949.13,93880.07,93936.26,10.51758
2025-02-18 20:42:00,93936.26,93936.26,93903.68,93928.62,14.2867
2025-02-18 20:43:00,93928.62,93962.32,93900.0,93900.01,14.31682
2025-02-18 20:44:00,93900.0,93900.0,93831.63,93849.83,9.60041
2025-02-18 20:45:00,93849.84,93982.75,93849.84,93982.75,11.3047
2025-02-18 20:46:00,93982.75,94028.31,93956.18,94028.3,18.49837
2025-02-18 20:47:00,94028.31,94028.31,93931.41,93943.52,14.85381
2025-02-18 20:48:00,93943.52,93943.52,93862.09,93886.81,11.54343
2025-02-18 20:49:00,93886.8,93969.68,93886.8,93939.57,8.55968
2025-02-18 20:50:00,93939.58,94017.78,93939.58,94017.77,18.72986
2025-02-18 20:51:00,94017.77,94028.0,93951.41,94028.0,12.31231
2025-02-18 20:52:00,94027.99,94061.17,94004.7,94028.79,9.78963
2025-02-18 20:53:00,94028.79,94064.14,94012.78,94044.71,4.0699
2025-02-18 20:54:00,94044.72,94115.39,94017.04,94019.63,18.90553
2025-02-18 20:55:00,94019.62,94135.52,94019.62,94113.3,28.09487
2025-02-18 20:56:00,94113.3,94186.82,94100.01,94181.41,6.88573
2025-02-18 20:57:00,94181.41,94283.02,94179.48,94283.02,12.52226
2025-02-18 20:58:00,94283.02,94329.65,94272.38,94300.69,14.42823
2025-02-18 20:59:00,94300.69,94300.7,93990.9,94196.02,90.38819
2025-02-18 21:00:00,94196.77,94280.74,94118.8,94280.74,27.4461
2025-02-18 21:01:00,94280.74,94319.14,94248.89,94299.42,22.01339
2025-02-18 21:02:00,94299.41,94443.83,94299.41,94443.82,36.17101
2025-02-18 21:03:00,94443.83,94778.65,94443.83,94737.98,97.5511
2025-02-18 21:04:00,94737.97,94923.85,94687.83,94889.97,53.97075
2025-02-18 21:05:00,94889.97,94909.95,94679.23,94743.45,55.74382
2025-02-18 21:06:00,94743.45,94919.85,94743.44,94915.94,31.83637
2025-02-18 21:07:00,94915.93,95014.49,94878.4,95014.32,39.67675
2025-02-18 21:08:00,95014.32,95177.0,94907.16,95080.71,60.11889
2025-02-18 21:09:00,95080.72,95135.74,94978.08,95022.64,37.89825
2025-02-18 21:10:00,95022.65,95120.18,94981.13,95023.98,34.12539
2025-02-18 21:11:00,95023.98,95023.99,94864.67,94982.22,32.57842
2025-02-18 21:12:00,94982.21,95061.98,94913.82,94989.84,60.8471
2025-02-18 21:13:00,94989.84,95100.0,94965.07,95094.55,43.09728
2025-02-18 21:14:00,95094.54,95181.68,95048.09,95159.77,62.60874
2025-02-18 21:15:00,95160.04,95160.04,95057.37,95093.89,39.47562
2025-02-18 21:16:00,95093.88,95171.64,95010.71,95038.26,26.87373
2025-02-18 21:17:00,95038.27,95053.89,94917.71,94933.08,21.91369
2025-02-18 21:18:00,94933.08,95180.0,94905.66,95179.65,61.64408
2025-02-18 21:19:00,95179.65,95216.99,95139.81,95139.81,49.11591
2025-02-18 21:20:00,95139.82,95180.0,95070.98,95171.57,13.18338
2025-02-18 21:21:00,95167.19,95167.19,95035.15,95053.07,25.25122
2025-02-18 21:22:00,95053.07,95169.55,95053.07,95169.55,7.68253
2025-02-18 21:23:00,95169.54,95195.99,95109.13,95188.0,22.46342
2025-02-18 21:24:00,95188.01,95336.13,95170.42,95284.97,41.10645
2025-02-18 21:25:00,95284.97,95328.39,95210.41,95325.23,38.25244
2025-02-18 21:26:00,95325.23,95351.4,95231.21,95235.46,15.70485
2025-02-18 21:27:00,95235.46,95260.98,95153.84,95168.64,26.23411
2025-02-18 21:28:00,95168.63,95168.64,95132.07,95132.08,5.27977
2025-02-18 21:29:00,95132.08,95169.0,95122.11,95159.1,7.70121
2025-02-18 21:30:00,95159.11,95159.11,95104.67,95147.63,6.99222
2025-02-18 21:31:00,95147.63,95203.86,95109.81,95183.76,12.76439
2025-02-18 21:32:00,95183.77,95234.66,95147.6,95194.64,14.16911
2025-02-18 21:33:00,95194.65,95194.65,95072.08,95079.99,6.51138
2025-02-18 21:34:00,95080.0,95080.0,95003.72,95040.14,40.12291
2025-02-18 21:35:00,95040.15,95050.63,94997.83,95023.4,15.1094
2025-02-18 21:36:00,95023.4,95081.14,95022.53,95048.6,7.49507
2025-02-18 21:37:00,95048.6,95066.0,95021.67,95035.95,13.43265
2025-02-18 21:38:00,95036.63,95118.0,95036.2,95101.69,4.60556
2025-02-18 21:39:00,95101.68,95101.68,95026.67,95027.65,4.52372
2025-02-18 21:40:00,95027.64,95027.64,94983.05,94983.06,8.54419
2025-02-18 21:41:00,94983.06,94983.06,94795.17,94822.84,45.02891
2025-02-18 21:42:00,94822.85,94969.24,94818.5,94938.29,25.42624
2025-02-18 21:43:00,94938.29,94938.3,94900.19,94904.68,5.17674
2025-02-18 21:44:00,94904.69,94924.14,94844.0,94908.4,7.35847
2025-02-18 21:45:00,94908.4,94976.92,94887.11,94887.12,9.56101
2025-02-18 21:46:00,94887.11,94887.12,94790.97,94791.31,26.95367
2025-02-18 21:47:00,94791.32,94831.64,94744.33,94766.21,28.9619
2025-02-18 21:48:00,94766.21,94826.74,94705.88,94808.0,17.90135
2025-02-18 21:49:00,94808.01,94829.84,94780.76,94820.33,9.59651
2025-02-18 21:50:00,94820.34,94857.79,94771.87,94776.49,9.44884
2025-02-18 21:51:00,94776.49,94808.25,94749.61,94753.24,9.9218
2025-02-18 21:52:00,94753.24,94781.83,94726.0,94781.83,3.7142
2025-02-18 21:53:00,94781.83,94825.17,94763.08,94825.16,4.09598
2025-02-18 21:54:00,94825.16,94915.09,94825.16,94858.97,32.04512
2025-02-18 21:55:00,94858.96,94936.2,94854.68,94917.53,6.5678
2025-02-18 21:56:00,94917.71,94931.83,94908.8,94908.81,8.95341
2025-02-18 21:57:00,94908.8,94960.01,94880.21,94951.59,52.20905
2025-02-18 21:58:00,94951.59,95018.85,94939.77,94984.83,53.27901
2025-02-18 21:59:00,94984.84,95077.5,94973.39,95065.46,14.53188
2025-02-18 22:00:00,95065.46,95094.73,94977.14,95004.0,49.27935
2025-02-18 22:01:00,95003.99,95065.26,94975.0,95031.02,69.67922
2025-02-18 22:02:00,95031.03,95076.76,94991.48,94999.59,29.52686
2025-02-18 22:03:00,94999.59,94999.6,94953.66,94960.5,5.23212
2025-02-18 22:04:00,94960.49,95075.22,94960.49,95056.01,4.21039
2025-02-18 22:05:00,95056.02,95071.25,94985.42,95019.49,7.6695
2025-02-18 22:06:00,95019.5,95049.18,94971.49,94994.0,47.01727
2025-02-18 22:07:00,94994.0,95031.31,94975.05,94977.79,8.395
2025-02-18 22:08:00,94977.79,94977.79,94931.49,94931.5,23.17078
2025-02-18 22:09:00,94931.49,94935.67,94855.67,94934.27,23.819
2025-02-18 22:10:00,94934.27,94965.51,94934.27,94965.5,2.43787
2025-02-18 22:11:00,94965.5,94965.51,94866.5,94951.85,22.44589
2025-02-18 22:12:00,94951.21,94978.09,94929.31,94978.09,29.97523
2025-02-18 22:13:00,94978.09,95000.0,94931.52,94981.07,30.62334
2025-02-18 22:14:00,94981.08,95018.87,94981.07,95018.86,18.75217
2025-02-18 22:15:00,95018.86,95018.87,94997.11,95015.81,3.08265
2025-02-18 22:16:00,95015.81,95060.01,95004.76,95060.01,31.37374
2025-02-18 22:17:00,95060.01,95094.33,95030.15,95094.33,40.48121
2025-02-18 22:18:00,95094.34,95140.0,95029.5,95130.58,68.67336
2025-02-18 22:19:00,95130.58,95130.59,95077.96,95079.69,6.006
2025-02-18 22:20:00,95079.69,95136.0,95079.68,95136.0,4.78732
2025-02-18 22:21:00,95136.0,95169.63,95135.99,95169.63,3.75592
2025-02-18 22:22:00,95169.62,95235.2,95169.62,95235.2,10.14336
2025-02-18 22:23:00,95235.2,95261.0,95235.19,95252.6,5.22391
2025-02-18 22:24:00,95252.6,95252.6,95171.93,95171.94,8.53363
2025-02-18 22:25:00,95171.94,95256.63,95171.94,95256.61,25.89173
2025-02-18 22:26:00,95256.61,95338.69,95256.61,95338.69,16.28508
2025-02-18 22:27:00,95338.69,95381.85,95338.68,95381.85,12.16932
2025-02-18 22:28:00,95381.85,95393.2,95300.0,95393.2,9.78395
2025-02-18 22:29:00,95393.2,95430.77,95366.54,95399.95,19.7851
2025-02-18 22:30:00,95399.94,95430.87,95399.94,95421.51,6.04965
2025-02-18 22:31:00,95421.51,95498.72,95421.03,95498.71,15.6237
2025-02-18 22:32:00,95498.71,95534.25,95455.92,95525.99,55.70625
2025-02-18 22:33:00,95525.99,95525.99,95433.07,95433.84,13.56755
2025-02-18 22:34:00,95433.85,95433.85,95270.04,95337.09,9.54464
2025-02-18 22:35:00,95337.1,95347.46,95224.93,95281.93,16.18437
2025-02-18 22:36:00,95281.94,95281.94,95240.72,95240.72,4.22347
2025-02-18 22:37:00,95240.72,95333.23,95215.27,95312.55,7.55951
2025-02-18 22:38:00,95312.56,95368.0,95312.56,95361.51,12.67981
2025-02-18 22:39:00,95361.52,95390.71,95288.01,95288.01,9.31332
2025-02-18 22:40:00,95288.01,95326.0,95275.53,95275.55,5.73808
2025-02-18 22:41:00,95275.54,95283.36,95264.01,95283.36,5.4262
2025-02-18 22:42:00,95283.36,95309.46,95283.35,95309.45,1.73026
2025-02-18 22:43:00,95309.46,95320.76,95302.36,95302.37,4.38133
2025-02-18 22:44:00,95302.36,95302.37,95272.2,95272.21,6.42589
2025-02-18 22:45:00,95272.21,95272.21,95272.2,95272.21,1.11107
2025-02-18 22:46:00,95272.21,95284.15,95263.0,95263.01,2.73523
2025-02-18 22:47:00,95263.01,95263.01,95182.0,95182.0,2.40983
2025-02-18 22:48:00,95182.0,95272.08,95182.0,95227.93,24.49271
2025-02-18 22:49:00,95227.94,95305.77,95227.93,95259.99,90.0057
2025-02-18 22:50:00,95260.0,95360.0,95259.99,95348.18,32.201
2025-02-18 22:51:00,95348.17,95350.0,95348.17,95349.99,1.40343
2025-02-18 22:52:00,95350.0,95350.0,95320.75,95320.75,2.9964
2025-02-18 22:53:00,95320.75,95320.75,95266.36,95299.99,15.44573
2025-02-18 22:54:00,95300.0,95323.45,95299.99,95299.99,6.40293
2025-02-18 22:55:00,95300.0,95300.0,95255.1,95255.1,4.14408
2025-02-18 22:56:00,95255.11,95300.0,95235.56,95300.0,14.57115
2025-02-18 22:57:00,95300.0,95300.0,95299.01,95299.01,2.2891
2025-02-18 22:58:00,95299.01,95300.0,95295.28,95300.0,12.70302
2025-02-18 22:59:00,95299.99,95330.01,95266.01,95304.43,15.37114
2025-02-18 23:00:00,95304.42,95373.25,95304.01,95337.62,12.50696
2025-02-18 23:01:00,95337.63,95351.27,95326.82,95326.82,5.38283
2025-02-18 23:02:00,95326.83,95326.83,95257.15,95307.61,46.97832
2025-02-18 23:03:00,95307.62,95396.23,95307.61,95387.43,15.01074
2025-02-18 23:04:00,95387.43,95433.84,95371.5,95432.46,12.53214
2025-02-18 23:05:00,95432.46,95433.84,95387.07,95387.07,4.61432
2025-02-18 23:06:00,95387.07,95390.01,95336.02,95390.0,32.04103
2025-02-18 23:07:00,95390.0,95450.83,95339.61,95434.47,89.18765
2025-02-18 23:08:00,95434.47,95460.0,95404.0,95460.0,75.39654
2025-02-18 23:09:00,95460.01,95480.01,95452.0,95470.86,16.99917
2025-02-18 23:10:00,95470.86,95508.0,95454.21,95508.0,15.40857
2025-02-18 23:11:00,95508.0,95513.59,95500.31,95513.59,5.67245
2025-02-18 23:12:00,95513.59,95547.16,95480.9,95480.91,17.44815
2025-02-18 23:13:00,95480.9,95480.9,95441.1,95442.5,9.37919
2025-02-18 23:14:00,95442.5,95447.23,95434.5,95442.93,13.35971
2025-02-18 23:15:00,95442.93,95452.56,95436.47,95452.56,12.86005
2025-02-18 23:16:00,95452.56,95467.47,95452.55,95467.46,1.61247
2025-02-18 23:17:00,95467.46,95474.81,95467.46,95474.81,1.88554
2025-02-18 23:18:00,95474.81,95507.22,95474.8,95507.22,13.14125
2025-02-18 23:19:00,95507.22,95507.22,95485.1,95485.1,18.44498
2025-02-18 23:20:00,95485.1,95505.7,95485.1,95505.69,6.2226
2025-02-18 23:21:00,95505.69,95505.7,95505.69,95505.7,3.03778
2025-02-18 23:22:00,95505.69,95548.08,95505.65,95542.14,7.11757
2025-02-18 23:23:00,95542.14,95545.66,95542.14,95545.65,3.1755
2025-02-18 23:24:00,95545.65,95555.0,95545.65,95554.99,3.3497
2025-02-18 23:25:00,95554.99,95605.0,95532.0,95537.89,43.06616
2025-02-18 23:26:00,95537.9,95551.8,95515.79,95520.31,6.48192
2025-02-18 23:27:00,95520.3,95590.08,95520.3,95584.93,7.91609
2025-02-18 23:28:00,95584.92,95584.93,95562.0,95562.01,2.1607
2025-02-18 23:29:00,95562.01,95581.18,95562.0,95581.18,0.86059
2025-02-18 23:30:00,95581.18,95581.18,95545.89,95545.9,7.15319
2025-02-18 23:31:00,95545.9,95565.06,95545.89,95552.65,5.10254
2025-02-18 23:32:00,95552.66,95557.37,95530.87,95549.48,4.64499
2025-02-18 23:33:00,95549.49,95584.91,95538.11,95584.9,20.46376
2025-02-18 23:34:00,95584.9,95584.91,95541.68,95541.69,5.74413
2025-02-18 23:35:00,95541.68,95549.61,95530.53,95549.6,2.21583
2025-02-18 23:36:00,95549.61,95549.61,95540.04,95540.05,0.82474
2025-02-18 23:37:00,95540.04,95540.05,95441.66,95441.66,8.81261
2025-02-18 23:38:00,95441.07,95441.07,95384.61,95404.78,9.2108
2025-02-18 23:39:00,95404.79,95447.86,95404.79,95447.85,6.41476
2025-02-18 23:40:00,95447.85,95486.76,95385.09,95391.17,10.80717
2025-02-18 23:41:00,95391.18,95433.96,95391.17,95433.96,1.77354
2025-02-18 23:42:00,95433.95,95433.96,95412.09,95424.55,3.44349
2025-02-18 23:43:00,95424.55,95424.55,95424.54,95424.54,2.02775
2025-02-18 23:44:00,95424.55,95424.55,95386.76,95395.56,3.87576
2025-02-18 23:45:00,95395.56,95419.87,95395.55,95419.87,4.29326
2025-02-18 23:46:00,95419.86,95456.97,95396.22,95456.97,34.83694
2025-02-18 23:47:00,95456.96,95456.97,95436.18,95436.19,4.3299
2025-02-18 23:48:00,95436.19,95448.92,95389.26,95389.27,10.13587
2025-02-18 23:49:00,95389.26,95401.84,95351.95,95401.83,41.39803
2025-02-18 23:50:00,95401.83,95442.95,95386.02,95442.94,23.49779
2025-02-18 23:51:00,95442.95,95471.41,95442.94,95471.41,2.59249
2025-02-18 23:52:00,95471.4,95533.43,95471.4,95533.42,5.26678
2025-02-18 23:53:00,95533.43,95533.43,95493.61,95533.08,6.54165
2025-02-18 23:54:00,95533.07,95556.51,95523.61,95547.24,6.95051
2025-02-18 23:55:00,95547.24,95550.0,95529.23,95529.24,3.99688
2025-02-18 23:56:00,95529.24,95563.91,95529.23,95547.0,26.55537
2025-02-18 23:57:00,95547.01,95605.35,95547.0,95595.2,33.8916
2025-02-18 23:58:00,95595.19,95622.65,95595.19,95622.64,32.17997
2025-02-18 23:59:00,95622.65,95685.0,95616.01,95671.74,224.39808
2025-02-19 00:00:00,95671.74,95676.55,95614.95,95614.95,13.59144
2025-02-19 00:01:00,95614.95,95614.95,95595.24,95595.25,3.09506
2025-02-19 00:02:00,95595.24,95625.49,95576.92,95616.47,26.51708
2025-02-19 00:03:00,95616.47,95645.56,95584.9,95593.14,71.8183
2025-02-19 00:04:00,95593.13,95611.0,95593.13,95611.0,13.4996
2025-02-19 00:05:00,95611.0,95640.01,95610.99,95634.0,28.45201
2025-02-19 00:06:00,95634.0,95650.01,95568.11,95614.39,119.32268
2025-02-19 00:07:00,95614.38,95677.95,95612.84,95677.95,81.40919
2025-02-19 00:08:00,95677.95,95728.63,95677.94,95697.3,19.36727
2025-02-19 00:09:00,95697.3,95770.19,95676.19,95757.04,62.06328
2025-02-19 00:10:00,95757.03,95787.72,95755.49,95770.33,15.19739
2025-02-19 00:11:00,95770.32,95849.06,95736.84,95736.84,88.42532
2025-02-19 00:12:00,95736.85,95736.85,95642.0,95642.01,25.27391
2025-02-19 00:13:00,95642.0,95665.29,95615.38,95615.38,12.7864
2025-02-19 00:14:00,95615.39,95631.12,95584.0,95584.0,7.05593
2025-02-19 00:15:00,95584.0,95607.03,95582.0,95598.2,5.6657
2025-02-19 00:16:00,95598.2,95635.68,95598.19,95635.68,9.27355
2025-02-19 00:17:00,95635.68,95661.3,95614.06,95661.3,9.32139
2025-02-19 00:18:00,95661.3,95692.18,95656.27,95692.17,5.55386
2025-02-19 00:19:00,95692.17,95692.62,95673.1,95683.37,5.31803
2025-02-19 00:20:00,95683.37,95690.02,95661.4,95661.41,3.71143
2025-02-19 00:21:00,95661.4,95661.41,95573.89,95585.99,4.94948
2025-02-19 00:22:00,95585.99,95592.11,95538.25,95544.45,16.35869
2025-02-19 00:23:00,95544.46,95557.6,95501.68,95502.91,6.2997
2025-02-19 00:24:00,95502.91,95532.7,95492.16,95532.69,4.51071
2025-02-19 00:25:00,95532.7,95566.52,95508.39,95511.84,5.65033
2025-02-19 00:26:00,95511.85,95550.21,95511.85,95530.54,6.43369
2025-02-19 00:27:00,95530.54,95530.55,95482.33,95497.21,6.42603
2025-02-19 00:28:00,95497.21,95510.31,95446.88,95449.6,8.10598
2025-02-19 00:29:00,95449.59,95476.42,95426.92,95464.96,8.8114
2025-02-19 00:30:00,95464.96,95481.55,95420.0,95431.93,8.6807
2025-02-19 00:31:00,95431.93,95459.14,95428.82,95447.05,19.16659
2025-02-19 00:32:00,95447.05,95484.76,95447.04,95452.89,8.34119
2025-02-19 00:33:00,95452.89,95508.0,95452.89,95494.17,6.28263
2025-02-19 00:34:00,95494.17,95509.44,95494.16,95509.44,7.28079
2025-02-19 00:35:00,95509.43,95587.64,95509.43,95587.63,3.94721
2025-02-19 00:36:00,95587.63,95600.0,95553.29,95553.3,9.58461
2025-02-19 00:37:00,95553.3,95599.99,95553.29,95588.65,4.72236
2025-02-19 00:38:00,95588.66,95619.77,95588.65,95619.77,1.85132
2025-02-19 00:39:00,95619.77,95634.71,95559.86,95559.86,6.44287
2025-02-19 00:40:00,95559.86,95560.87,95531.35,95544.83,5.3625
2025-02-19 00:41:00,95544.82,95544.83,95456.81,95456.82,5.66888
2025-02-19 00:42:00,95456.82,95486.61,95456.81,95486.61,5.19775
2025-02-19 00:43:00,95486.62,95490.63,95481.08,95486.18,2.43956
2025-02-19 00:44:00,95486.18,95500.0,95486.17,95499.99,4.83653
2025-02-19 00:45:00,95499.99,95503.08,95486.04,95491.77,3.74627
2025-02-19 00:46:00,95491.77,95578.26,95491.76,95566.77,3.43992
2025-02-19 00:47:00,95566.76,95577.02,95558.01,95577.01,6.98791
2025-02-19 00:48:00,95577.01,95577.02,95562.03,95562.04,3.54313
2025-02-19 00:49:00,95562.04,95562.04,95562.03,95562.03,0.41802
2025-02-19 00:50:00,95562.04,95566.53,95562.03,95566.52,1.78052
2025-02-19 00:51:00,95566.52,95584.91,95538.19,95584.9,3.67753
2025-02-19 00:52:00,95584.91,95586.75,95584.9,95586.74,1.3402
2025-02-19 00:53:00,95586.74,95586.75,95546.75,95546.75,2.42147
2025-02-19 00:54:00,95546.75,95546.76,95439.05,95443.74,8.4281
2025-02-19 00:55:00,95443.74,95443.76,95386.82,95398.98,6.51334
2025-02-19 00:56:00,95398.98,95398.99,95309.49,95314.78,26.38151
2025-02-19 00:57:00,95314.77,95335.07,95279.94,95299.99,31.743
2025-02-19 00:58:00,95300.0,95342.67,95299.99,95342.66,6.46116
2025-02-19 00:59:00,95342.66,95342.67,95303.56,95330.15,3.16572
2025-02-19 01:00:00,95330.15,95364.62,95330.14,95364.62,6.8955
2025-02-19 01:01:00,95364.62,95373.46,95307.04,95309.2,5.28671
2025-02-19 01:02:00,95309.2,95316.83,95262.44,95305.77,4.00537
2025-02-19 01:03:00,95305.77,95306.87,95238.67,95238.67,3.2749
2025-02-19 01:04:00,95238.68,95264.18,95238.67,95264.17,7.045
2025-02-19 01:05:00,95264.17,95308.71,95257.54,95298.93,7.19957
2025-02-19 01:06:00,95298.93,95303.64,95274.24,95281.41,3.64831
2025-02-19 01:07:00,95281.41,95291.36,95274.35,95275.81,2.9267
2025-02-19 01:08:00,95275.81,95300.0,95245.16,95300.0,6.06158
2025-02-19 01:09:00,95300.0,95313.15,95300.0,95305.66,4.20472
2025-02-19 01:10:00,95305.66,95328.3,95305.66,95309.07,11.64647
2025-02-19 01:11:00,95309.07,95335.41,95293.98,95335.41,5.75268
2025-02-19 01:12:00,95335.41,95358.5,95323.42,95358.5,4.49341
2025-02-19 01:13:00,95358.49,95358.84,95345.88,95345.89,4.7581
2025-02-19 01:14:00,95345.89,95345.89,95215.01,95215.01,16.29205
2025-02-19 01:15:00,95215.01,95217.31,95095.25,95112.01,19.82013
2025-02-19 01:16:00,95112.01,95167.6,95112.0,95157.97,26.92778
2025-02-19 01:17:00,95157.97,95169.82,95133.75,95144.66,5.62277
2025-02-19 01:18:00,95144.67,95151.99,95055.0,95069.07,12.94858
2025-02-19 01:19:00,95069.08,95131.03,95069.08,95107.25,18.58345
2025-02-19 01:20:00,95107.25,95131.04,95075.06,95120.92,14.64474
2025-02-19 01:21:00,95120.91,95169.6,95120.91,95146.01,5.29992
2025-02-19 01:22:00,95146.01,95175.2,95146.01,95175.2,2.13102
2025-02-19 01:23:00,95175.19,95175.19,95077.81,95089.1,4.8474
2025-02-19 01:24:00,95089.1,95106.67,95057.43,95064.33,6.00598
2025-02-19 01:25:00,95064.33,95076.84,95058.03,95063.43,6.75069
2025-02-19 01:26:00,95063.43,95074.91,95058.34,95073.98,1.91027
2025-02-19 01:27:00,95073.99,95116.62,95073.98,95116.61,3.6393
2025-02-19 01:28:00,95116.62,95146.69,95116.61,95146.69,6.18505
2025-02-19 01:29:00,95146.69,95200.0,95146.68,95199.99,7.67541
2025-02-19 01:30:00,95199.99,95229.98,95163.78,95167.98,18.73464
2025-02-19 01:31:00,95167.99,95178.35,95145.79,95175.71,4.0603
2025-02-19 01:32:00,95175.7,95256.22,95175.7,95211.71,12.30776
2025-02-19 01:33:00,95211.7,95211.7,95145.44,95179.16,10.86753
2025-02-19 01:34:00,95179.16,95198.97,95152.01,95198.96,3.27799
2025-02-19 01:35:00,95198.96,95250.44,95197.88,95250.44,3.86389
2025-02-19 01:36:00,95250.43,95250.44,95190.38,95208.23,5.84623
2025-02-19 01:37:00,95208.22,95242.4,95208.22,95237.04,4.23167
2025-02-19 01:38:00,95237.03,95249.57,95172.01,95172.02,7.05209
2025-02-19 01:39:00,95172.02,95188.34,95172.01,95188.33,6.30075
2025-02-19 01:40:00,95188.33,95207.71,95186.49,95207.7,7.1887
2025-02-19 01:41:00,95207.71,95234.79,95186.01,95202.08,7.35737
2025-02-19 01:42:00,95202.08,95257.3,95202.08,95239.12,9.3858
2025-02-19 01:43:00,95239.13,95283.02,95223.8,95283.02,10.94529
2025-02-19 01:44:00,95283.02,95327.08,95283.02,95326.06,12.56109
2025-02-19 01:45:00,95326.05,95420.01,95326.05,95406.32,30.28893
2025-02-19 01:46:00,95406.32,95450.01,95400.0,95400.0,15.93629
2025-02-19 01:47:00,95400.01,95400.01,95342.56,95342.56,3.02046
2025-02-19 01:48:00,95342.57,95342.57,95318.47,95319.78,2.99357
2025-02-19 01:49:00,95319.79,95333.85,95304.41,95333.85,2.33426
2025-02-19 01:50:00,95333.84,95353.46,95332.65,95350.31,4.48624
2025-02-19 01:51:00,95350.31,95396.23,95350.31,95373.17,8.66948
2025-02-19 01:52:00,95373.16,95373.17,95348.62,95371.68,3.46823
2025-02-19 01:53:00,95371.68,95391.22,95341.34,95341.34,2.40364
2025-02-19 01:54:00,95341.35,95354.62,95308.67,95308.67,3.30718
2025-02-19 01:55:00,95308.67,95340.0,95308.67,95340.0,8.4693
2025-02-19 01:56:00,95340.0,95396.23,95339.99,95396.22,3.8815
2025-02-19 01:57:00,95396.22,95400.14,95375.8,95386.58,4.04395
2025-02-19 01:58:00,95386.57,95460.01,95386.57,95452.58,25.03851
2025-02-19 01:59:00,95452.58,95480.0,95452.57,95479.99,10.17383
2025-02-19 02:00:00,95480.0,95525.08,95458.03,95458.04,11.58942
2025-02-19 02:01:00,95458.03,95504.24,95458.03,95495.95,7.36263
2025-02-19 02:02:00,95495.94,95507.62,95483.88,95500.57,3.58782
2025-02-19 02:03:00,95500.58,95538.36,95500.57,95525.51,3.23585
2025-02-19 02:04:00,95525.5,95535.46,95524.89,95524.9,2.61375
2025-02-19 02:05:00,95524.9,95552.63,95523.87,95552.63,2.95588
2025-02-19 02:06:00,95552.62,95566.84,95546.6,95566.83,3.56683
2025-02-19 02:07:00,95566.82,95566.83,95535.47,95535.47,4.06197
2025-02-19 02:08:00,95535.47,95540.0,95512.42,95512.42,11.28608
2025-02-19 02:09:00,95512.43,95629.1,95512.42,95629.1,9.96532
2025-02-19 02:10:00,95629.09,95717.25,95629.09,95699.82,13.40217
2025-02-19 02:11:00,95699.81,95727.27,95640.76,95647.65,9.23669
2025-02-19 02:12:00,95647.65,95666.97,95608.34,95608.34,4.41146
2025-02-19 02:13:00,95608.34,95625.16,95584.9,95584.9,2.92439
2025-02-19 02:14:00,95584.91,95609.56,95584.9,95609.56,2.38765
2025-02-19 02:15:00,95609.65,95624.05,95593.75,95593.75,4.78249
2025-02-19 02:16:00,95593.75,95614.47,95577.12,95577.12,6.02717
2025-02-19 02:17:00,95577.13,95577.13,95482.71,95495.07,12.27942
2025-02-19 02:18:00,95495.07,95514.68,95492.99,95492.99,7.67539
2025-02-19 02:19:00,95493.0,95504.82,95480.16,95504.81,2.1058
2025-02-19 02:20:00,95504.81,95589.0,95504.81,95579.38,2.73401
2025-02-19 02:21:00,95579.38,95614.45,95572.46,95603.71,8.38368
2025-02-19 02:22:00,95603.7,95645.78,95598.01,95645.77,10.1214
2025-02-19 02:23:00,95645.77,95659.56,95609.36,95619.38,8.26835
2025-02-19 02:24:00,95620.77,95678.14,95620.77,95645.92,6.18923
2025-02-19 02:25:00,95645.93,95665.4,95645.92,95663.99,2.7934
2025-02-19 02:26:00,95664.0,95674.57,95663.99,95674.57,2.36865
2025-02-19 02:27:00,95674.56,95674.56,95594.47,95605.05,4.89305
2025-02-19 02:28:00,95605.04,95605.04,95547.77,95547.88,7.15717
2025-02-19 02:29:00,95547.88,95547.88,95533.26,95542.67,1.4806
2025-02-19 02:30:00,95542.67,95576.58,95542.66,95547.17,6.63207
2025-02-19 02:31:00,95547.17,95557.03,95533.11,95555.6,4.73574
2025-02-19 02:32:00,95555.6,95580.0,95555.0,95580.0,2.41603
2025-02-19 02:33:00,95580.0,95636.89,95579.99,95624.63,11.03949
2025-02-19 02:34:00,95624.64,95624.64,95571.22,95571.22,3.46214
2025-02-19 02:35:00,95571.22,95571.23,95562.76,95571.23,8.69916
2025-02-19 02:36:00,95571.22,95609.56,95567.68,95567.68,10.50359
2025-02-19 02:37:00,95567.67,95611.23,95566.07,95611.23,5.2223
2025-02-19 02:38:00,95611.23,95630.52,95602.27,95630.52,5.74693
2025-02-19 02:39:00,95630.51,95642.03,95630.51,95642.03,2.47342
2025-02-19 02:40:00,95642.03,95663.18,95642.02,95656.84,2.23245
2025-02-19 02:41:00,95656.83,95674.0,95644.19,95669.22,8.96124
2025-02-19 02:42:00,95669.23,95676.49,95659.31,95659.31,12.07015
2025-02-19 02:43:00,95659.31,95659.32,95633.84,95641.11,3.21368
2025-02-19 02:44:00,95641.1,95721.12,95641.1,95721.11,13.51586
2025-02-19 02:45:00,95721.12,95759.31,95721.11,95735.0,6.99763
2025-02-19 02:46:00,95735.01,95780.72,95735.0,95758.4,3.79349
2025-02-19 02:47:00,95758.4,95758.4,95738.9,95738.91,2.99999
2025-02-19 02:48:00,95738.91,95815.0,95738.9,95815.0,12.58883
2025-02-19 02:49:00,95814.99,95867.9,95814.01,95843.38,10.81045
2025-02-19 02:50:00,95843.39,95906.66,95818.18,95906.66,15.5885
2025-02-19 02:51:00,95906.65,95933.31,95872.85,95924.53,12.73535
2025-02-19 02:52:00,95924.53,95961.54,95918.84,95922.04,13.78791
2025-02-19 02:53:00,95922.05,95922.05,95833.94,95868.0,10.87753
2025-02-19 02:54:00,95868.0,95883.9,95823.09,95823.09,5.23134
2025-02-19 02:55:00,95823.09,95875.19,95823.09,95856.4,7.82055
2025-02-19 02:56:00,95856.39,95862.52,95822.0,95822.0,5.79605
2025-02-19 02:57:00,95822.0,95822.01,95790.59,95790.6,3.19985
2025-02-19 02:58:00,95790.6,95796.26,95783.34,95786.65,2.80244
2025-02-19 02:59:00,95786.66,95831.77,95786.65,95831.76,3.64054
2025-02-19 03:00:00,95831.76,95837.82,95795.19,95795.2,11.39345
2025-02-19 03:01:00,95795.2,95800.08,95765.33,95779.98,5.77908
2025-02-19 03:02:00,95779.99,95779.99,95750.0,95767.97,7.2737
2025-02-19 03:03:00,95767.96,95785.63,95767.96,95783.24,6.784
2025-02-19 03:04:00,95783.24,95789.9,95770.23,95770.23,6.16877
2025-02-19 03:05:00,95770.24,95792.0,95770.23,95791.99,6.96207
2025-02-19 03:06:00,95791.99,95800.0,95770.23,95791.8,5.30053
2025-02-19 03:07:00,95791.81,95798.0,95760.69,95760.7,6.81587
2025-02-19 03:08:00,95760.69,95760.7,95688.0,95688.0,6.65967
2025-02-19 03:09:00,95688.0,95733.65,95670.11,95699.05,10.5489
2025-02-19 03:10:00,95699.05,95736.8,95699.05,95736.79,6.17272
2025-02-19 03:11:00,95736.79,95738.12,95728.75,95728.76,3.51423
2025-02-19 03:12:00,95728.75,95728.76,95660.55,95674.85,5.45496
2025-02-19 03:13:00,95674.85,95688.79,95662.01,95674.34,3.52757
2025-02-19 03:14:00,95674.33,95674.33,95642.78,95660.0,5.30439
2025-02-19 03:15:00,95660.0,95660.0,95622.64,95634.6,6.00354
2025-02-19 03:16:00,95634.59,95638.0,95625.9,95625.9,3.76817
2025-02-19 03:17:00,95625.9,95634.95,95600.08,95634.95,7.30665
2025-02-19 03:18:00,95634.95,95634.95,95620.09,95621.1,3.11583
2025-02-19 03:19:00,95621.09,95621.1,95565.57,95567.74,5.99543
2025-02-19 03:20:00,95567.75,95616.0,95567.74,95615.99,3.36051
2025-02-19 03:21:00,95616.0,95677.4,95616.0,95677.4,4.82447
2025-02-19 03:22:00,95677.39,95744.8,95663.99,95735.85,16.60359
2025-02-19 03:23:00,95735.85,95739.36,95725.75,95725.76,6.14221
2025-02-19 03:24:00,95725.77,95739.36,95709.97,95709.97,11.27685
2025-02-19 03:25:00,95709.97,95729.33,95709.97,95729.32,2.08394
2025-02-19 03:26:00,95729.32,95730.57,95716.22,95730.57,3.86696
2025-02-19 03:27:00,95730.57,95747.86,95730.56,95747.86,1.53404
2025-02-19 03:28:00,95747.86,95747.99,95747.85,95747.98,2.62183
2025-02-19 03:29:00,95747.98,95747.99,95704.98,95704.98,4.88675
2025-02-19 03:30:00,95704.99,95704.99,95624.29,95624.29,12.27202
2025-02-19 03:31:00,95624.29,95637.51,95602.98,95633.7,6.12834
2025-02-19 03:32:00,95633.69,95679.42,95633.69,95676.1,5.44665
2025-02-19 03:33:00,95676.1,95700.0,95676.09,95699.99,1.19372
2025-02-19 03:34:00,95700.0,95709.54,95688.08,95709.53,3.87695
2025-02-19 03:35:00,95709.54,95709.58,95700.0,95701.4,4.61002
2025-02-19 03:36:00,95701.4,95701.4,95678.44,95682.56,2.52248
2025-02-19 03:37:00,95682.57,95682.57,95655.62,95669.7,2.50841
2025-02-19 03:38:00,95669.7,95669.7,95669.69,95669.69,0.68172
2025-02-19 03:39:00,95669.7,95669.7,95669.69,95669.69,0.56691
2025-02-19 03:40:00,95669.69,95729.25,95669.69,95718.87,18.07611
2025-02-19 03:41:00,95718.87,95730.77,95718.02,95718.02,4.4963
2025-02-19 03:42:00,95718.02,95718.03,95718.02,95718.02,2.27687
2025-02-19 03:43:00,95718.02,95720.0,95699.61,95699.61,13.90033
2025-02-19 03:44:00,95699.62,95713.97,95699.61,95711.6,4.20679
2025-02-19 03:45:00,95711.59,95760.44,95708.67,95708.68,13.59702
2025-02-19 03:46:00,95708.68,95747.45,95708.67,95747.45,8.11363
2025-02-19 03:47:00,95747.45,95791.8,95740.55,95787.84,7.08681
2025-02-19 03:48:00,95787.85,95799.99,95746.28,95756.3,13.95332
2025-02-19 03:49:00,95756.3,95756.3,95731.03,95751.99,3.05844
2025-02-19 03:50:00,95752.0,95786.52,95751.99,95756.54,12.68802
2025-02-19 03:51:00,95756.55,95756.55,95756.54,95756.54,1.14567
2025-02-19 03:52:00,95756.55,95781.11,95736.94,95736.95,5.28933
2025-02-19 03:53:00,95736.94,95757.99,95708.72,95708.72,5.28458
2025-02-19 03:54:00,95708.73,95738.36,95708.72,95738.35,4.47209
2025-02-19 03:55:00,95738.35,95786.43,95738.35,95786.43,1.24858
2025-02-19 03:56:00,95786.43,95786.43,95753.23,95753.23,2.25
2025-02-19 03:57:00,95753.24,95753.24,95713.25,95713.26,1.66451
2025-02-19 03:58:00,95713.26,95733.03,95693.0,95693.01,4.89992
2025-02-19 03:59:00,95693.0,95710.26,95669.69,95710.26,17.52138
2025-02-19 04:00:00,95710.25,95758.0,95710.25,95757.99,3.82929
2025-02-19 04:01:00,95758.0,95768.95,95756.04,95763.04,10.93036
2025-02-19 04:02:00,95763.03,95764.93,95719.99,95734.68,11.10384
2025-02-19 04:03:00,95734.68,95734.68,95708.89,95708.89,3.15658
2025-02-19 04:04:00,95708.9,95708.9,95687.96,95705.76,6.4418
2025-02-19 04:05:00,95705.75,95714.34,95700.83,95711.28,3.93287
2025-02-19 04:06:00,95711.29,95713.87,95704.73,95713.86,1.70739
2025-02-19 04:07:00,95713.87,95713.87,95708.28,95713.86,3.36451
2025-02-19 04:08:00,95713.86,95713.87,95673.79,95673.79,2.32702
2025-02-19 04:09:00,95673.79,95673.8,95653.88,95653.88,2.94663
2025-02-19 04:10:00,95653.88,95665.01,95625.9,95625.9,6.8467
2025-02-19 04:11:00,95625.9,95640.91,95625.9,95640.91,2.57692
2025-02-19 04:12:00,95640.9,95640.9,95613.18,95613.18,3.53249
2025-02-19 04:13:00,95613.19,95619.58,95601.45,95603.7,4.10788
2025-02-19 04:14:00,95603.7,95632.0,95603.7,95631.99,1.81769
2025-02-19 04:15:00,95632.0,95671.85,95631.99,95658.02,14.71264
2025-02-19 04:16:00,95658.02,95658.02,95620.51,95620.51,4.23873
2025-02-19 04:17:00,95620.52,95638.0,95620.51,95637.99,3.86163
2025-02-19 04:18:00,95637.99,95638.0,95627.33,95627.33,2.14387
2025-02-19 04:19:00,95627.32,95627.33,95601.52,95601.52,2.36743
2025-02-19 04:20:00,95601.53,95601.53,95601.52,95601.52,2.22693
2025-02-19 04:21:00,95601.53,95614.36,95601.52,95602.59,3.5697
2025-02-19 04:22:00,95602.59,95602.6,95583.01,95583.01,3.42294
2025-02-19 04:23:00,95583.02,95583.02,95557.42,95583.01,3.9943
2025-02-19 04:24:00,95583.01,95584.69,95576.09,95584.69,4.93589
2025-02-19 04:25:00,95584.69,95585.74,95584.68,95585.73,3.51726
2025-02-19 04:26:00,95585.73,95585.73,95542.52,95544.76,6.80406
2025-02-19 04:27:00,95544.76,95544.77,95510.86,95526.45,45.49223
2025-02-19 04:28:00,95526.45,95535.99,95495.43,95535.98,36.369
2025-02-19 04:29:00,95535.99,95535.99,95535.98,95535.98,0.45835
2025-02-19 04:30:00,95535.98,95535.99,95503.21,95503.22,5.12821
2025-02-19 04:31:00,95503.22,95526.42,95503.21,95526.42,4.0085
2025-02-19 04:32:00,95526.41,95559.17,95526.41,95559.16,4.50934
2025-02-19 04:33:00,95559.16,95581.01,95559.16,95581.01,4.41687
2025-02-19 04:34:00,95581.01,95583.59,95581.0,95583.59,1.95854
2025-02-19 04:35:00,95583.58,95585.2,95572.28,95585.19,18.21554
2025-02-19 04:36:00,95585.2,95607.05,95550.34,95550.35,7.47516
2025-02-19 04:37:00,95550.35,95550.35,95474.38,95480.43,8.01745
2025-02-19 04:38:00,95480.43,95480.43,95468.43,95479.64,3.81642
2025-02-19 04:39:00,95479.65,95486.0,95452.47,95452.47,10.40525
2025-02-19 04:40:00,95452.54,95471.6,95427.01,95471.6,9.81145
2025-02-19 04:41:00,95471.59,95474.7,95471.59,95474.69,1.92541
2025-02-19 04:42:00,95474.69,95474.7,95429.75,95429.75,4.71591
2025-02-19 04:43:00,95429.76,95437.58,95422.01,95422.01,4.26379
2025-02-19 04:44:00,95422.02,95422.02,95368.71,95377.2,7.03394
2025-02-19 04:45:00,95377.19,95385.99,95310.05,95385.99,12.49669
2025-02-19 04:46:00,95385.99,95419.98,95385.98,95405.95,14.91812
2025-02-19 04:47:00,95405.95,95410.75,95405.94,95410.75,0.88304
2025-02-19 04:48:00,95410.75,95433.37,95410.75,95433.36,1.66921
2025-02-19 04:49:00,95433.37,95433.97,95433.36,95433.97,0.69207
2025-02-19 04:50:00,95433.96,95458.46,95424.42,95424.43,6.30367
2025-02-19 04:51:00,95424.42,95446.8,95424.42,95446.8,1.00016
2025-02-19 04:52:00,95446.8,95446.8,95396.71,95396.71,5.67626
2025-02-19 04:53:00,95396.71,95396.71,95396.27,95396.28,2.25599
2025-02-19 04:54:00,95396.28,95406.18,95375.69,95375.69,4.43256
2025-02-19 04:55:00,95375.7,95375.7,95351.35,95375.0,6.5395
2025-02-19 04:56:00,95375.0,95392.37,95309.89,95335.28,10.79603
2025-02-19 04:57:00,95335.27,95335.28,95294.11,95294.11,9.42395
2025-02-19 04:58:00,95294.11,95294.12,95243.29,95260.66,28.2996
2025-02-19 04:59:00,95260.67,95264.0,95213.85,95213.85,24.79457
2025-02-19 05:00:00,95213.84,95261.74,95172.35,95212.02,49.84608
2025-02-19 05:01:00,95212.02,95275.99,95212.02,95250.59,36.5
2025-02-19 05:02:00,95250.59,95271.34,95207.99,95208.0,31.69708
2025-02-19 05:03:00,95207.99,95243.33,95200.0,95243.32,33.22002
2025-02-19 05:04:00,95243.32,95252.71,95129.08,95152.87,108.58902
2025-02-19 05:05:00,95152.88,95215.7,95152.87,95182.04,33.1003
2025-02-19 05:06:00,95182.04,95182.04,95122.26,95156.85,31.82378
2025-02-19 05:07:00,95156.86,95215.7,95148.28,95203.74,32.82292
2025-02-19 05:08:00,95203.75,95203.75,95169.56,95170.31,28.14654
2025-02-19 05:09:00,95170.32,95205.19,95170.31,95173.9,31.22111
2025-02-19 05:10:00,95173.91,95209.0,95167.93,95207.56,33.57567
2025-02-19 05:11:00,95207.55,95264.01,95207.55,95216.01,34.24768
2025-02-19 05:12:00,95216.01,95281.48,95216.0,95281.48,37.36159
2025-02-19 05:13:00,95281.48,95281.48,95261.02,95272.45,31.68767
2025-02-19 05:14:00,95272.44,95273.22,95242.13,95259.05,41.89299
2025-02-19 05:15:00,95259.06,95273.18,95218.25,95223.34,38.56139
2025-02-19 05:16:00,95223.35,95239.62,95185.28,95199.38,72.75959
2025-02-19 05:17:00,95199.39,95215.03,95125.99,95125.99,149.2407
2025-02-19 05:18:00,95126.0,95205.19,95119.51,95120.0,93.85784
2025-02-19 05:19:00,95120.0,95169.82,95083.94,95144.58,106.32671
2025-02-19 05:20:00,95144.59,95144.59,95103.61,95103.62,31.75022
2025-02-19 05:21:00,95103.61,95130.56,95048.28,95077.77,105.68393
2025-02-19 05:22:00,95077.77,95077.77,95047.69,95069.94,50.21381
2025-02-19 05:23:00,95069.94,95072.12,95039.98,95046.26,53.80535
2025-02-19 05:24:00,95046.27,95059.99,95041.76,95050.06,34.38131
2025-02-19 05:25:00,95050.06,95083.82,95050.05,95060.09,72.04294
2025-02-19 05:26:00,95060.09,95060.09,95056.36,95056.36,30.17039
2025-02-19 05:27:00,95056.36,95108.37,95056.36,95108.19,38.12136
2025-02-19 05:28:00,95108.19,95108.2,95054.1,95059.99,120.34598
2025-02-19 05:29:00,95059.99,95109.55,95029.99,95109.54,71.24104
2025-02-19 05:30:00,95109.55,95185.28,95109.54,95179.79,37.29614
2025-02-19 05:31:00,95179.8,95192.0,95156.59,95180.71,35.26709
2025-02-19 05:32:00,95180.71,95194.4,95154.85,95175.48,56.60292
2025-02-19 05:33:00,95175.49,95205.19,95175.48,95205.19,26.76817
2025-02-19 05:34:00,95205.2,95213.12,95191.81,95212.0,28.36729
2025-02-19 05:35:00,95211.99,95224.31,95203.73,95224.01,28.79307
2025-02-19 05:36:00,95224.01,95252.4,95211.18,95252.4,30.31628
2025-02-19 05:37:00,95252.39,95261.81,95221.57,95244.35,29.53647
2025-02-19 05:38:00,95244.35,95252.58,95226.92,95226.93,25.31383
2025-02-19 05:39:00,95226.93,95258.18,95226.69,95258.17,26.52064
2025-02-19 05:40:00,95258.18,95258.18,95243.04,95244.25,34.00257
2025-02-19 05:41:00,95244.25,95329.56,95244.25,95299.98,25.18768
2025-02-19 05:42:00,95299.99,95340.05,95299.98,95329.49,4.64211
2025-02-19 05:43:00,95329.5,95329.5,95321.0,95321.01,1.73977
2025-02-19 05:44:00,95321.01,95321.01,95314.71,95314.72,8.35519
2025-02-19 05:45:00,95314.71,95314.72,95302.34,95302.34,0.97477
2025-02-19 05:46:00,95302.34,95309.5,95274.95,95309.49,5.53176
2025-02-19 05:47:00,95309.5,95332.58,95309.49,95332.57,8.2386
2025-02-19 05:48:00,95332.58,95338.5,95314.71,95314.72,2.2623
2025-02-19 05:49:00,95314.71,95336.23,95314.71,95336.23,1.83686
2025-02-19 05:50:00,95336.23,95336.23,95314.57,95321.81,11.73978
2025-02-19 05:51:00,95321.81,95338.84,95321.8,95338.77,7.86446
2025-02-19 05:52:00,95338.78,95338.78,95305.17,95305.17,8.61832
2025-02-19 05:53:00,95305.17,95309.99,95305.17,95309.98,1.65161
2025-02-19 05:54:00,95309.98,95316.55,95309.98,95316.54,2.98965
2025-02-19 05:55:00,95316.55,95330.0,95316.54,95329.99,2.9938
2025-02-19 05:56:00,95329.99,95330.0,95323.42,95323.43,1.92707
2025-02-19 05:57:00,95323.43,95323.43,95278.54,95278.55,4.52841
2025-02-19 05:58:00,95278.55,95278.55,95259.08,95259.09,2.68787
2025-02-19 05:59:00,95259.08,95289.34,95250.29,95289.33,3.32984
2025-02-19 06:00:00,95289.34,95299.08,95289.33,95299.07,1.26167
2025-02-19 06:01:00,95299.07,95302.19,95291.43,95291.44,2.12195
2025-02-19 06:02:00,95291.44,95335.7,95291.43,95335.69,1.53433
2025-02-19 06:03:00,95335.7,95335.7,95291.59,95291.6,12.15689
2025-02-19 06:04:00,95291.6,95291.6,95253.95,95253.96,13.17078
2025-02-19 06:05:00,95253.96,95253.97,95253.96,95253.97,1.14943
2025-02-19 06:06:00,95253.96,95253.97,95253.96,95253.96,2.80396
2025-02-19 06:07:00,95253.96,95268.38,95249.65,95256.36,6.66374
2025-02-19 06:08:00,95256.36,95335.32,95256.35,95301.18,28.95832
2025-02-19 06:09:00,95301.18,95301.18,95258.16,95280.05,20.3686
2025-02-19 06:10:00,95280.04,95308.81,95280.04,95308.8,6.07685
2025-02-19 06:11:00,95308.8,95330.0,95304.27,95330.0,5.53334
2025-02-19 06:12:00,95330.0,95356.0,95329.99,95355.99,3.87094
2025-02-19 06:13:00,95355.99,95372.32,95355.99,95372.31,2.82583
2025-02-19 06:14:00,95372.32,95372.32,95351.33,95351.46,12.60022
2025-02-19 06:15:00,95351.45,95359.59,95351.45,95359.59,3.11333
2025-02-19 06:16:00,95359.58,95359.59,95337.29,95337.29,5.51827
2025-02-19 06:17:00,95337.29,95337.3,95301.5,95312.05,2.97693
2025-02-19 06:18:00,95312.05,95324.87,95280.31,95302.3,9.2157
2025-02-19 06:19:00,95302.3,95302.31,95302.3,95302.3,0.71693
2025-02-19 06:20:00,95302.31,95302.31,95302.3,95302.31,0.64122
2025-02-19 06:21:00,95302.31,95334.79,95302.3,95334.79,4.37843
2025-02-19 06:22:00,95334.8,95396.23,95334.8,95396.23,10.58565
2025-02-19 06:23:00,95396.23,95396.23,95375.59,95375.59,2.76119
2025-02-19 06:24:00,95375.6,95375.6,95355.93,95355.93,1.46271
2025-02-19 06:25:00,95355.93,95391.85,95355.93,95391.85,2.34942
2025-02-19 06:26:00,95391.85,95391.85,95382.33,95382.34,1.91852
2025-02-19 06:27:00,95382.33,95382.34,95358.49,95358.5,3.29782
2025-02-19 06:28:00,95358.49,95358.5,95350.0,95358.5,4.35631
2025-02-19 06:29:00,95358.49,95391.28,95358.49,95387.62,2.68429
2025-02-19 06:30:00,95387.63,95387.63,95382.96,95382.96,1.89814
2025-02-19 06:31:00,95382.96,95382.96,95359.54,95373.99,3.55038
2025-02-19 06:32:00,95373.98,95385.84,95373.98,95385.84,0.74807
2025-02-19 06:33:00,95385.84,95395.23,95385.83,95395.22,0.72898
2025-02-19 06:34:00,95395.23,95395.23,95386.12,95386.13,1.37985
2025-02-19 06:35:00,95386.12,95386.13,95366.17,95366.18,1.80743
2025-02-19 06:36:00,95366.18,95366.18,95362.84,95362.84,1.29644
2025-02-19 06:37:00,95362.85,95366.17,95359.0,95366.17,1.19926
2025-02-19 06:38:00,95366.17,95397.3,95366.17,95385.78,5.24101
2025-02-19 06:39:00,95385.78,95387.82,95385.77,95387.82,0.46303
2025-02-19 06:40:00,95387.81,95387.82,95368.73,95368.73,7.48907
2025-02-19 06:41:00,95368.73,95399.86,95363.19,95385.39,3.86822
2025-02-19 06:42:00,95385.38,95385.39,95355.14,95368.88,5.42973
2025-02-19 06:43:00,95368.89,95373.99,95353.99,95354.0,1.41704
2025-02-19 06:44:00,95353.99,95362.09,95329.75,95362.09,4.23205
2025-02-19 06:45:00,95362.09,95380.0,95362.09,95380.0,6.93345
2025-02-19 06:46:00,95380.0,95380.0,95379.99,95380.0,6.69291
2025-02-19 06:47:00,95379.99,95398.0,95379.99,95397.99,17.35165
2025-02-19 06:48:00,95397.99,95435.62,95397.99,95435.61,43.98089
2025-02-19 06:49:00,95435.61,95507.94,95435.61,95507.93,22.31812
2025-02-19 06:50:00,95507.94,95550.0,95507.93,95547.68,13.0384
2025-02-19 06:51:00,95547.69,95599.98,95511.94,95587.99,25.82976
2025-02-19 06:52:00,95587.98,95652.0,95583.7,95604.06,29.32469
2025-02-19 06:53:00,95604.05,95604.05,95565.81,95576.29,13.6321
2025-02-19 06:54:00,95576.28,95605.0,95561.11,95581.49,5.62889
2025-02-19 06:55:00,95581.98,95613.64,95555.22,95574.0,12.27016
2025-02-19 06:56:00,95574.0,95599.06,95574.0,95590.45,3.59152
2025-02-19 06:57:00,95590.44,95600.0,95587.5,95600.0,7.79431
2025-02-19 06:58:00,95599.99,95650.0,95599.99,95636.87,5.23615
2025-02-19 06:59:00,95636.87,95636.87,95616.3,95616.31,4.92077
2025-02-19 07:00:00,95616.31,95637.13,95601.18,95637.13,4.1164
2025-02-19 07:01:00,95637.13,95657.45,95637.12,95652.1,7.65815
2025-02-19 07:02:00,95652.1,95697.36,95652.09,95688.29,16.47565
2025-02-19 07:03:00,95688.28,95697.18,95684.99,95697.17,6.76488
2025-02-19 07:04:00,95697.18,95697.18,95691.99,95697.18,4.8266
2025-02-19 07:05:00,95697.18,95727.26,95697.17,95727.25,5.72111
2025-02-19 07:06:00,95727.26,95732.58,95710.85,95724.28,14.51291
2025-02-19 07:07:00,95724.28,95724.28,95694.04,95697.09,9.21861
2025-02-19 07:08:00,95697.08,95712.0,95697.08,95709.31,7.44473
2025-02-19 07:09:00,95709.31,95735.84,95703.8,95735.83,5.83958
2025-02-19 07:10:00,95735.83,95738.02,95726.74,95726.75,5.71488
2025-02-19 07:11:00,95726.74,95735.85,95706.46,95730.73,14.91841
2025-02-19 07:12:00,95730.72,95773.59,95730.72,95762.14,12.97822
2025-02-19 07:13:00,95762.14,95762.14,95762.13,95762.14,3.16553
2025-02-19 07:14:00,95762.13,95762.15,95736.76,95736.76,23.30555
2025-02-19 07:15:00,95736.75,95736.76,95715.98,95715.99,8.87307
2025-02-19 07:16:00,95715.99,95720.59,95702.01,95707.91,13.43213
2025-02-19 07:17:00,95707.92,95719.88,95689.03,95689.67,15.74144
2025-02-19 07:18:00,95689.68,95697.04,95689.67,95697.04,3.44128
2025-02-19 07:19:00,95697.03,95697.04,95684.49,95684.5,8.67456
2025-02-19 07:20:00,95684.5,95699.62,95682.58,95684.51,4.54044
2025-02-19 07:21:00,95684.5,95684.51,95680.0,95680.0,5.64079
2025-02-19 07:22:00,95680.0,95686.0,95618.61,95624.0,14.64986
2025-02-19 07:23:00,95624.0,95664.6,95623.99,95638.86,8.35383
2025-02-19 07:24:00,95638.87,95638.87,95630.87,95630.87,2.07126
2025-02-19 07:25:00,95630.88,95630.88,95592.35,95592.35,5.09796
2025-02-19 07:26:00,95592.36,95592.36,95588.0,95588.0,2.12459
2025-02-19 07:27:00,95588.01,95619.85,95588.0,95619.85,5.65911
2025-02-19 07:28:00,95619.85,95629.58,95619.84,95629.57,3.61815
2025-02-19 07:29:00,95629.57,95644.65,95629.57,95644.65,2.83029
2025-02-19 07:30:00,95644.65,95657.49,95644.64,95650.84,4.59212
2025-02-19 07:31:00,95650.85,95650.85,95650.84,95650.84,2.09569
2025-02-19 07:32:00,95650.84,95659.63,95650.84,95659.62,4.08595
2025-02-19 07:33:00,95659.62,95659.63,95653.86,95653.86,5.68643
2025-02-19 07:34:00,95653.87,95653.87,95653.86,95653.86,3.03708
2025-02-19 07:35:00,95653.86,95686.08,95637.16,95675.01,25.93231
2025-02-19 07:36:00,95675.01,95686.37,95661.95,95686.36,5.51802
2025-02-19 07:37:00,95686.37,95707.46,95676.0,95707.45,7.69986
2025-02-19 07:38:00,95707.46,95707.46,95673.39,95673.39,5.42375
2025-02-19 07:39:00,95673.4,95681.88,95673.39,95681.87,1.97807
2025-02-19 07:40:00,95681.88,95705.45,95681.87,95705.45,2.26761
2025-02-19 07:41:00,95705.45,95705.45,95696.07,95700.15,3.94177
2025-02-19 07:42:00,95700.15,95709.4,95700.14,95702.1,7.12391
2025-02-19 07:43:00,95702.1,95709.4,95702.09,95709.4,1.18794
2025-02-19 07:44:00,95709.4,95720.0,95709.39,95719.99,4.38892
2025-02-19 07:45:00,95719.99,95766.77,95719.99,95766.77,6.6757
2025-02-19 07:46:00,95766.77,95790.0,95766.76,95790.0,2.40354
2025-02-19 07:47:00,95790.0,95790.0,95732.31,95739.75,15.39511
2025-02-19 07:48:00,95739.75,95816.0,95739.74,95816.0,14.4615
2025-02-19 07:49:00,95816.0,95846.15,95815.99,95817.13,10.67399
2025-02-19 07:50:00,95817.14,95843.26,95817.13,95843.25,2.87699
2025-02-19 07:51:00,95843.26,95843.26,95843.25,95843.25,2.31355
2025-02-19 07:52:00,95843.26,95843.26,95838.28,95838.28,4.09751
2025-02-19 07:53:00,95838.29,95838.29,95814.19,95814.19,21.19477
2025-02-19 07:54:00,95814.19,95814.2,95793.83,95793.84,5.33248
2025-02-19 07:55:00,95793.84,95793.84,95759.71,95759.71,7.07212
2025-02-19 07:56:00,95759.72,95759.72,95737.33,95737.33,4.06518
2025-02-19 07:57:00,95737.34,95737.34,95712.09,95712.1,6.67006
2025-02-19 07:58:00,95712.09,95712.1,95687.71,95687.72,4.94378
2025-02-19 07:59:00,95687.72,95687.72,95687.71,95687.71,1.53839
2025-02-19 08:00:00,95687.71,95702.0,95677.59,95700.0,7.47424
2025-02-19 08:01:00,95700.0,95735.85,95672.02,95728.7,6.85486
2025-02-19 08:02:00,95728.7,95728.7,95714.92,95714.93,1.85741
2025-02-19 08:03:00,95714.92,95727.43,95714.92,95727.43,6.48551
2025-02-19 08:04:00,95727.42,95727.43,95707.33,95707.33,1.84078
2025-02-19 08:05:00,95707.34,95723.41,95694.34,95723.4,3.92962
2025-02-19 08:06:00,95723.41,95737.23,95723.4,95734.96,1.97047
2025-02-19 08:07:00,95734.96,95771.6,95734.95,95771.6,1.61165
2025-02-19 08:08:00,95771.6,95800.0,95771.6,95799.99,6.73563
2025-02-19 08:09:00,95799.99,95811.05,95783.89,95811.05,6.10637
2025-02-19 08:10:00,95811.05,95811.05,95801.46,95804.08,7.38352
2025-02-19 08:11:00,95804.07,95804.08,95788.2,95788.2,2.5669
2025-02-19 08:12:00,95788.2,95788.21,95788.2,95788.21,2.90151
2025-02-19 08:13:00,95788.2,95788.21,95747.01,95748.53,4.56474
2025-02-19 08:14:00,95748.53,95748.54,95737.08,95737.08,5.20749
2025-02-19 08:15:00,95737.08,95800.0,95737.08,95799.99,5.76329
2025-02-19 08:16:00,95799.99,95811.29,95799.99,95811.28,2.60956
2025-02-19 08:17:00,95811.29,95811.29,95811.28,95811.28,1.72541
2025-02-19 08:18:00,95811.28,95811.29,95801.7,95801.7,2.86437
2025-02-19 08:19:00,95801.7,95801.71,95796.01,95796.02,2.32842
2025-02-19 08:20:00,95796.01,95796.02,95776.86,95780.79,4.61282
2025-02-19 08:21:00,95780.79,95780.79,95768.49,95768.5,3.87528
2025-02-19 08:22:00,95768.49,95768.49,95750.0,95750.0,2.87545
2025-02-19 08:23:00,95750.01,95775.02,95750.0,95773.99,7.54847
2025-02-19 08:24:00,95773.99,95800.0,95773.98,95799.99,4.41541
2025-02-19 08:25:00,95800.0,95810.17,95799.99,95810.16,7.50786
2025-02-19 08:26:00,95810.17,95822.99,95810.16,95822.99,4.72846
2025-02-19 08:27:00,95822.98,95834.32,95822.98,95829.32,2.46675
2025-02-19 08:28:00,95829.32,95866.0,95814.3,95835.61,58.2545
2025-02-19 08:29:00,95835.6,95835.61,95813.76,95819.91,24.75225
2025-02-19 08:30:00,95819.91,95866.0,95819.9,95848.18,8.94238
2025-02-19 08:31:00,95848.18,95857.99,95848.18,95857.98,5.42773
2025-02-19 08:32:00,95857.98,95857.98,95777.0,95777.0,8.3978
2025-02-19 08:33:00,95777.01,95777.01,95720.96,95720.96,11.14834
2025-02-19 08:34:00,95720.97,95720.97,95720.96,95720.97,1.18099
2025-02-19 08:35:00,95720.97,95728.0,95711.76,95728.0,8.8877
2025-02-19 08:36:00,95728.0,95731.56,95727.99,95731.56,4.43284
2025-02-19 08:37:00,95731.56,95736.3,95731.55,95736.29,6.67895
2025-02-19 08:38:00,95736.29,95736.3,95702.91,95702.91,6.47848
2025-02-19 08:39:00,95702.91,95719.32,95702.91,95719.31,3.22068
2025-02-19 08:40:00,95719.32,95736.29,95719.31,95736.29,2.78883
2025-02-19 08:41:00,95736.29,95736.29,95736.28,95736.29,1.1589
2025-02-19 08:42:00,95736.29,95745.86,95728.91,95745.86,3.83001
2025-02-19 08:43:00,95745.86,95745.86,95745.85,95745.85,3.26604
2025-02-19 08:44:00,95745.86,95758.64,95745.85,95758.63,3.54133
2025-02-19 08:45:00,95758.63,95758.64,95745.85,95745.85,3.64446
2025-02-19 08:46:00,95745.85,95745.86,95702.92,95702.92,2.76926
2025-02-19 08:47:00,95702.92,95702.92,95690.0,95690.0,3.77745
2025-02-19 08:48:00,95690.0,95690.01,95679.8,95679.81,1.83441
2025-02-19 08:49:00,95679.8,95700.0,95679.8,95699.99,5.65835
2025-02-19 08:50:00,95700.0,95714.84,95699.99,95714.83,2.31395
2025-02-19 08:51:00,95714.84,95724.29,95711.19,95711.19,5.28707
2025-02-19 08:52:00,95711.2,95711.2,95688.81,95692.13,3.00914
2025-02-19 08:53:00,95692.14,95692.14,95636.03,95677.0,6.15711
2025-02-19 08:54:00,95676.99,95677.0,95663.92,95663.92,1.16091
2025-02-19 08:55:00,95663.92,95682.95,95639.72,95639.72,5.20726
2025-02-19 08:56:00,95639.72,95669.01,95636.03,95669.0,3.6765
2025-02-19 08:57:00,95669.0,95677.75,95660.37,95672.0,4.58422
2025-02-19 08:58:00,95672.0,95672.01,95637.59,95643.38,6.69626
2025-02-19 08:59:00,95643.37,95643.38,95616.6,95629.99,6.78517
2025-02-19 09:00:00,95629.99,95645.5,95629.7,95645.5,4.20066
2025-02-19 09:01:00,95645.49,95648.63,95645.49,95648.62,0.92965
