timestamp,open,high,low,close,volume
1739925120000.0,95447.05,95484.76,95447.04,95452.89,8.34119
1739925180000.0,95452.89,95508.0,95452.89,95494.17,6.28263
1739925240000.0,95494.17,95509.44,95494.16,95509.44,7.28079
1739925300000.0,95509.43,95587.64,95509.43,95587.63,3.94721
1739925360000.0,95587.63,95600.0,95553.29,95553.3,9.58461
1739925420000.0,95553.3,95599.99,95553.29,95588.65,4.72236
1739925480000.0,95588.66,95619.77,95588.65,95619.77,1.85132
1739925540000.0,95619.77,95634.71,95559.86,95559.86,6.44287
1739925600000.0,95559.86,95560.87,95531.35,95544.83,5.3625
1739925660000.0,95544.82,95544.83,95456.81,95456.82,5.66888
1739925720000.0,95456.82,95486.61,95456.81,95486.61,5.19775
1739925780000.0,95486.62,95490.63,95481.08,95486.18,2.43956
1739925840000.0,95486.18,95500.0,95486.17,95499.99,4.83653
1739925900000.0,95499.99,95503.08,95486.04,95491.77,3.74627
1739925960000.0,95491.77,95578.26,95491.76,95566.77,3.43992
1739926020000.0,95566.76,95577.02,95558.01,95577.01,6.98791
1739926080000.0,95577.01,95577.02,95562.03,95562.04,3.54313
1739926140000.0,95562.04,95562.04,95562.03,95562.03,0.41802
1739926200000.0,95562.04,95566.53,95562.03,95566.52,1.78052
1739926260000.0,95566.52,95584.91,95538.19,95584.9,3.67753
1739926320000.0,95584.91,95586.75,95584.9,95586.74,1.3402
1739926380000.0,95586.74,95586.75,95546.75,95546.75,2.42147
1739926440000.0,95546.75,95546.76,95439.05,95443.74,8.4281
1739926500000.0,95443.74,95443.76,95386.82,95398.98,6.51334
1739926560000.0,95398.98,95398.99,95309.49,95314.78,26.38151
1739926620000.0,95314.77,95335.07,95279.94,95299.99,31.743
1739926680000.0,95300.0,95342.67,95299.99,95342.66,6.46116
1739926740000.0,95342.66,95342.67,95303.56,95330.15,3.16572
1739926800000.0,95330.15,95364.62,95330.14,95364.62,6.8955
1739926860000.0,95364.62,95373.46,95307.04,95309.2,5.28671
1739926920000.0,95309.2,95316.83,95262.44,95305.77,4.00537
1739926980000.0,95305.77,95306.87,95238.67,95238.67,3.2749
1739927040000.0,95238.68,95264.18,95238.67,95264.17,7.045
1739927100000.0,95264.17,95308.71,95257.54,95298.93,7.19957
1739927160000.0,95298.93,95303.64,95274.24,95281.41,3.64831
1739927220000.0,95281.41,95291.36,95274.35,95275.81,2.9267
1739927280000.0,95275.81,95300.0,95245.16,95300.0,6.06158
1739927340000.0,95300.0,95313.15,95300.0,95305.66,4.20472
1739927400000.0,95305.66,95328.3,95305.66,95309.07,11.64647
1739927460000.0,95309.07,95335.41,95293.98,95335.41,5.75268
1739927520000.0,95335.41,95358.5,95323.42,95358.5,4.49341
1739927580000.0,95358.49,95358.84,95345.88,95345.89,4.7581
1739927640000.0,95345.89,95345.89,95215.01,95215.01,16.29205
1739927700000.0,95215.01,95217.31,95095.25,95112.01,19.82013
1739927760000.0,95112.01,95167.6,95112.0,95157.97,26.92778
1739927820000.0,95157.97,95169.82,95133.75,95144.66,5.62277
1739927880000.0,95144.67,95151.99,95055.0,95069.07,12.94858
1739927940000.0,95069.08,95131.03,95069.08,95107.25,18.58345
1739928000000.0,95107.25,95131.04,95075.06,95120.92,14.64474
1739928060000.0,95120.91,95169.6,95120.91,95146.01,5.29992
1739928120000.0,95146.01,95175.2,95146.01,95175.2,2.13102
1739928180000.0,95175.19,95175.19,95077.81,95089.1,4.8474
1739928240000.0,95089.1,95106.67,95057.43,95064.33,6.00598
1739928300000.0,95064.33,95076.84,95058.03,95063.43,6.75069
1739928360000.0,95063.43,95074.91,95058.34,95073.98,1.91027
1739928420000.0,95073.99,95116.62,95073.98,95116.61,3.6393
1739928480000.0,95116.62,95146.69,95116.61,95146.69,6.18505
1739928540000.0,95146.69,95200.0,95146.68,95199.99,7.67541
1739928600000.0,95199.99,95229.98,95163.78,95167.98,18.73464
1739928660000.0,95167.99,95178.35,95145.79,95175.71,4.0603
1739928720000.0,95175.7,95256.22,95175.7,95211.71,12.30776
1739928780000.0,95211.7,95211.7,95145.44,95179.16,10.86753
1739928840000.0,95179.16,95198.97,95152.01,95198.96,3.27799
1739928900000.0,95198.96,95250.44,95197.88,95250.44,3.86389
1739928960000.0,95250.43,95250.44,95190.38,95208.23,5.84623
1739929020000.0,95208.22,95242.4,95208.22,95237.04,4.23167
1739929080000.0,95237.03,95249.57,95172.01,95172.02,7.05209
1739929140000.0,95172.02,95188.34,95172.01,95188.33,6.30075
1739929200000.0,95188.33,95207.71,95186.49,95207.7,7.1887
1739929260000.0,95207.71,95234.79,95186.01,95202.08,7.35737
1739929320000.0,95202.08,95257.3,95202.08,95239.12,9.3858
1739929380000.0,95239.13,95283.02,95223.8,95283.02,10.94529
1739929440000.0,95283.02,95327.08,95283.02,95326.06,12.56109
1739929500000.0,95326.05,95420.01,95326.05,95406.32,30.28893
1739929560000.0,95406.32,95450.01,95400.0,95400.0,15.93629
1739929620000.0,95400.01,95400.01,95342.56,95342.56,3.02046
1739929680000.0,95342.57,95342.57,95318.47,95319.78,2.99357
1739929740000.0,95319.79,95333.85,95304.41,95333.85,2.33426
1739929800000.0,95333.84,95353.46,95332.65,95350.31,4.48624
1739929860000.0,95350.31,95396.23,95350.31,95373.17,8.66948
1739929920000.0,95373.16,95373.17,95348.62,95371.68,3.46823
1739929980000.0,95371.68,95391.22,95341.34,95341.34,2.40364
1739930040000.0,95341.35,95354.62,95308.67,95308.67,3.30718
1739930100000.0,95308.67,95340.0,95308.67,95340.0,8.4693
1739930160000.0,95340.0,95396.23,95339.99,95396.22,3.8815
1739930220000.0,95396.22,95400.14,95375.8,95386.58,4.04395
1739930280000.0,95386.57,95460.01,95386.57,95452.58,25.03851
1739930340000.0,95452.58,95480.0,95452.57,95479.99,10.17383
1739930400000.0,95480.0,95525.08,95458.03,95458.04,11.58942
1739930460000.0,95458.03,95504.24,95458.03,95495.95,7.36263
1739930520000.0,95495.94,95507.62,95483.88,95500.57,3.58782
1739930580000.0,95500.58,95538.36,95500.57,95525.51,3.23585
1739930640000.0,95525.5,95535.46,95524.89,95524.9,2.61375
1739930700000.0,95524.9,95552.63,95523.87,95552.63,2.95588
1739930760000.0,95552.62,95566.84,95546.6,95566.83,3.56683
1739930820000.0,95566.82,95566.83,95535.47,95535.47,4.06197
1739930880000.0,95535.47,95540.0,95512.42,95512.42,11.28608
1739930940000.0,95512.43,95629.1,95512.42,95629.1,9.96532
1739931000000.0,95629.09,95717.25,95629.09,95699.82,13.40217
1739931060000.0,95699.81,95727.27,95640.76,95647.65,9.23669
1739931120000.0,95647.65,95666.97,95608.34,95608.34,4.41146
1739931180000.0,95608.34,95625.16,95584.9,95584.9,2.92439
1739931240000.0,95584.91,95609.56,95584.9,95609.56,2.38765
1739931300000.0,95609.65,95624.05,95593.75,95593.75,4.78249
1739931360000.0,95593.75,95614.47,95577.12,95577.12,6.02717
1739931420000.0,95577.13,95577.13,95482.71,95495.07,12.27942
1739931480000.0,95495.07,95514.68,95492.99,95492.99,7.67539
1739931540000.0,95493.0,95504.82,95480.16,95504.81,2.1058
1739931600000.0,95504.81,95589.0,95504.81,95579.38,2.73401
1739931660000.0,95579.38,95614.45,95572.46,95603.71,8.38368
1739931720000.0,95603.7,95645.78,95598.01,95645.77,10.1214
1739931780000.0,95645.77,95659.56,95609.36,95619.38,8.26835
1739931840000.0,95620.77,95678.14,95620.77,95645.92,6.18923
1739931900000.0,95645.93,95665.4,95645.92,95663.99,2.7934
1739931960000.0,95664.0,95674.57,95663.99,95674.57,2.36865
1739932020000.0,95674.56,95674.56,95594.47,95605.05,4.89305
1739932080000.0,95605.04,95605.04,95547.77,95547.88,7.15717
1739932140000.0,95547.88,95547.88,95533.26,95542.67,1.4806
1739932200000.0,95542.67,95576.58,95542.66,95547.17,6.63207
1739932260000.0,95547.17,95557.03,95533.11,95555.6,4.73574
1739932320000.0,95555.6,95580.0,95555.0,95580.0,2.41603
1739932380000.0,95580.0,95636.89,95579.99,95624.63,11.03949
1739932440000.0,95624.64,95624.64,95571.22,95571.22,3.46214
1739932500000.0,95571.22,95571.23,95562.76,95571.23,8.69916
1739932560000.0,95571.22,95609.56,95567.68,95567.68,10.50359
1739932620000.0,95567.67,95611.23,95566.07,95611.23,5.2223
1739932680000.0,95611.23,95630.52,95602.27,95630.52,5.74693
1739932740000.0,95630.51,95642.03,95630.51,95642.03,2.47342
1739932800000.0,95642.03,95663.18,95642.02,95656.84,2.23245
1739932860000.0,95656.83,95674.0,95644.19,95669.22,8.96124
1739932920000.0,95669.23,95676.49,95659.31,95659.31,12.07015
1739932980000.0,95659.31,95659.32,95633.84,95641.11,3.21368
1739933040000.0,95641.1,95721.12,95641.1,95721.11,13.51586
1739933100000.0,95721.12,95759.31,95721.11,95735.0,6.99763
1739933160000.0,95735.01,95780.72,95735.0,95758.4,3.79349
1739933220000.0,95758.4,95758.4,95738.9,95738.91,2.99999
1739933280000.0,95738.91,95815.0,95738.9,95815.0,12.58883
1739933340000.0,95814.99,95867.9,95814.01,95843.38,10.81045
1739933400000.0,95843.39,95906.66,95818.18,95906.66,15.5885
1739933460000.0,95906.65,95933.31,95872.85,95924.53,12.73535
1739933520000.0,95924.53,95961.54,95918.84,95922.04,13.78791
1739933580000.0,95922.05,95922.05,95833.94,95868.0,10.87753
1739933640000.0,95868.0,95883.9,95823.09,95823.09,5.23134
1739933700000.0,95823.09,95875.19,95823.09,95856.4,7.82055
1739933760000.0,95856.39,95862.52,95822.0,95822.0,5.79605
1739933820000.0,95822.0,95822.01,95790.59,95790.6,3.19985
1739933880000.0,95790.6,95796.26,95783.34,95786.65,2.80244
1739933940000.0,95786.66,95831.77,95786.65,95831.76,3.64054
1739934000000.0,95831.76,95837.82,95795.19,95795.2,11.39345
1739934060000.0,95795.2,95800.08,95765.33,95779.98,5.77908
1739934120000.0,95779.99,95779.99,95750.0,95767.97,7.2737
1739934180000.0,95767.96,95785.63,95767.96,95783.24,6.784
1739934240000.0,95783.24,95789.9,95770.23,95770.23,6.16877
1739934300000.0,95770.24,95792.0,95770.23,95791.99,6.96207
1739934360000.0,95791.99,95800.0,95770.23,95791.8,5.30053
1739934420000.0,95791.81,95798.0,95760.69,95760.7,6.81587
1739934480000.0,95760.69,95760.7,95688.0,95688.0,6.65967
1739934540000.0,95688.0,95733.65,95670.11,95699.05,10.5489
1739934600000.0,95699.05,95736.8,95699.05,95736.79,6.17272
1739934660000.0,95736.79,95738.12,95728.75,95728.76,3.51423
1739934720000.0,95728.75,95728.76,95660.55,95674.85,5.45496
1739934780000.0,95674.85,95688.79,95662.01,95674.34,3.52757
1739934840000.0,95674.33,95674.33,95642.78,95660.0,5.30439
1739934900000.0,95660.0,95660.0,95622.64,95634.6,6.00354
1739934960000.0,95634.59,95638.0,95625.9,95625.9,3.76817
1739935020000.0,95625.9,95634.95,95600.08,95634.95,7.30665
1739935080000.0,95634.95,95634.95,95620.09,95621.1,3.11583
1739935140000.0,95621.09,95621.1,95565.57,95567.74,5.99543
1739935200000.0,95567.75,95616.0,95567.74,95615.99,3.36051
1739935260000.0,95616.0,95677.4,95616.0,95677.4,4.82447
1739935320000.0,95677.39,95744.8,95663.99,95735.85,16.60359
1739935380000.0,95735.85,95739.36,95725.75,95725.76,6.14221
1739935440000.0,95725.77,95739.36,95709.97,95709.97,11.27685
1739935500000.0,95709.97,95729.33,95709.97,95729.32,2.08394
1739935560000.0,95729.32,95730.57,95716.22,95730.57,3.86696
1739935620000.0,95730.57,95747.86,95730.56,95747.86,1.53404
1739935680000.0,95747.86,95747.99,95747.85,95747.98,2.62183
1739935740000.0,95747.98,95747.99,95704.98,95704.98,4.88675
1739935800000.0,95704.99,95704.99,95624.29,95624.29,12.27202
1739935860000.0,95624.29,95637.51,95602.98,95633.7,6.12834
1739935920000.0,95633.69,95679.42,95633.69,95676.1,5.44665
1739935980000.0,95676.1,95700.0,95676.09,95699.99,1.19372
1739936040000.0,95700.0,95709.54,95688.08,95709.53,3.87695
1739936100000.0,95709.54,95709.58,95700.0,95701.4,4.61002
1739936160000.0,95701.4,95701.4,95678.44,95682.56,2.52248
1739936220000.0,95682.57,95682.57,95655.62,95669.7,2.50841
1739936280000.0,95669.7,95669.7,95669.69,95669.69,0.68172
1739936340000.0,95669.7,95669.7,95669.69,95669.69,0.56691
1739936400000.0,95669.69,95729.25,95669.69,95718.87,18.07611
1739936460000.0,95718.87,95730.77,95718.02,95718.02,4.4963
1739936520000.0,95718.02,95718.03,95718.02,95718.02,2.27687
1739936580000.0,95718.02,95720.0,95699.61,95699.61,13.90033
1739936640000.0,95699.62,95713.97,95699.61,95711.6,4.20679
1739936700000.0,95711.59,95760.44,95708.67,95708.68,13.59702
1739936760000.0,95708.68,95747.45,95708.67,95747.45,8.11363
1739936820000.0,95747.45,95791.8,95740.55,95787.84,7.08681
1739936880000.0,95787.85,95799.99,95746.28,95756.3,13.95332
1739936940000.0,95756.3,95756.3,95731.03,95751.99,3.05844
1739937000000.0,95752.0,95786.52,95751.99,95756.54,12.68802
1739937060000.0,95756.55,95756.55,95756.54,95756.54,1.14567
1739937120000.0,95756.55,95781.11,95736.94,95736.95,5.28933
1739937180000.0,95736.94,95757.99,95708.72,95708.72,5.28458
1739937240000.0,95708.73,95738.36,95708.72,95738.35,4.47209
1739937300000.0,95738.35,95786.43,95738.35,95786.43,1.24858
1739937360000.0,95786.43,95786.43,95753.23,95753.23,2.25
1739937420000.0,95753.24,95753.24,95713.25,95713.26,1.66451
1739937480000.0,95713.26,95733.03,95693.0,95693.01,4.89992
1739937540000.0,95693.0,95710.26,95669.69,95710.26,17.52138
1739937600000.0,95710.25,95758.0,95710.25,95757.99,3.82929
1739937660000.0,95758.0,95768.95,95756.04,95763.04,10.93036
1739937720000.0,95763.03,95764.93,95719.99,95734.68,11.10384
1739937780000.0,95734.68,95734.68,95708.89,95708.89,3.15658
1739937840000.0,95708.9,95708.9,95687.96,95705.76,6.4418
1739937900000.0,95705.75,95714.34,95700.83,95711.28,3.93287
1739937960000.0,95711.29,95713.87,95704.73,95713.86,1.70739
1739938020000.0,95713.87,95713.87,95708.28,95713.86,3.36451
1739938080000.0,95713.86,95713.87,95673.79,95673.79,2.32702
1739938140000.0,95673.79,95673.8,95653.88,95653.88,2.94663
1739938200000.0,95653.88,95665.01,95625.9,95625.9,6.8467
1739938260000.0,95625.9,95640.91,95625.9,95640.91,2.57692
1739938320000.0,95640.9,95640.9,95613.18,95613.18,3.53249
1739938380000.0,95613.19,95619.58,95601.45,95603.7,4.10788
1739938440000.0,95603.7,95632.0,95603.7,95631.99,1.81769
1739938500000.0,95632.0,95671.85,95631.99,95658.02,14.71264
1739938560000.0,95658.02,95658.02,95620.51,95620.51,4.23873
1739938620000.0,95620.52,95638.0,95620.51,95637.99,3.86163
1739938680000.0,95637.99,95638.0,95627.33,95627.33,2.14387
1739938740000.0,95627.32,95627.33,95601.52,95601.52,2.36743
1739938800000.0,95601.53,95601.53,95601.52,95601.52,2.22693
1739938860000.0,95601.53,95614.36,95601.52,95602.59,3.5697
1739938920000.0,95602.59,95602.6,95583.01,95583.01,3.42294
1739938980000.0,95583.02,95583.02,95557.42,95583.01,3.9943
1739939040000.0,95583.01,95584.69,95576.09,95584.69,4.93589
1739939100000.0,95584.69,95585.74,95584.68,95585.73,3.51726
1739939160000.0,95585.73,95585.73,95542.52,95544.76,6.80406
1739939220000.0,95544.76,95544.77,95510.86,95526.45,45.49223
1739939280000.0,95526.45,95535.99,95495.43,95535.98,36.369
1739939340000.0,95535.99,95535.99,95535.98,95535.98,0.45835
1739939400000.0,95535.98,95535.99,95503.21,95503.22,5.12821
1739939460000.0,95503.22,95526.42,95503.21,95526.42,4.0085
1739939520000.0,95526.41,95559.17,95526.41,95559.16,4.50934
1739939580000.0,95559.16,95581.01,95559.16,95581.01,4.41687
1739939640000.0,95581.01,95583.59,95581.0,95583.59,1.95854
1739939700000.0,95583.58,95585.2,95572.28,95585.19,18.21554
1739939760000.0,95585.2,95607.05,95550.34,95550.35,7.47516
1739939820000.0,95550.35,95550.35,95474.38,95480.43,8.01745
1739939880000.0,95480.43,95480.43,95468.43,95479.64,3.81642
1739939940000.0,95479.65,95486.0,95452.47,95452.47,10.40525
1739940000000.0,95452.54,95471.6,95427.01,95471.6,9.81145
1739940060000.0,95471.59,95474.7,95471.59,95474.69,1.92541
1739940120000.0,95474.69,95474.7,95429.75,95429.75,4.71591
1739940180000.0,95429.76,95437.58,95422.01,95422.01,4.26379
1739940240000.0,95422.02,95422.02,95368.71,95377.2,7.03394
1739940300000.0,95377.19,95385.99,95310.05,95385.99,12.49669
1739940360000.0,95385.99,95419.98,95385.98,95405.95,14.91812
1739940420000.0,95405.95,95410.75,95405.94,95410.75,0.88304
1739940480000.0,95410.75,95433.37,95410.75,95433.36,1.66921
1739940540000.0,95433.37,95433.97,95433.36,95433.97,0.69207
1739940600000.0,95433.96,95458.46,95424.42,95424.43,6.30367
1739940660000.0,95424.42,95446.8,95424.42,95446.8,1.00016
1739940720000.0,95446.8,95446.8,95396.71,95396.71,5.67626
1739940780000.0,95396.71,95396.71,95396.27,95396.28,2.25599
1739940840000.0,95396.28,95406.18,95375.69,95375.69,4.43256
1739940900000.0,95375.7,95375.7,95351.35,95375.0,6.5395
1739940960000.0,95375.0,95392.37,95309.89,95335.28,10.79603
1739941020000.0,95335.27,95335.28,95294.11,95294.11,9.42395
1739941080000.0,95294.11,95294.12,95243.29,95260.66,28.2996
1739941140000.0,95260.67,95264.0,95213.85,95213.85,24.79457
1739941200000.0,95213.84,95261.74,95172.35,95212.02,49.84608
1739941260000.0,95212.02,95275.99,95212.02,95250.59,36.5
1739941320000.0,95250.59,95271.34,95207.99,95208.0,31.69708
1739941380000.0,95207.99,95243.33,95200.0,95243.32,33.22002
1739941440000.0,95243.32,95252.71,95129.08,95152.87,108.58902
1739941500000.0,95152.88,95215.7,95152.87,95182.04,33.1003
1739941560000.0,95182.04,95182.04,95122.26,95156.85,31.82378
1739941620000.0,95156.86,95215.7,95148.28,95203.74,32.82292
1739941680000.0,95203.75,95203.75,95169.56,95170.31,28.14654
1739941740000.0,95170.32,95205.19,95170.31,95173.9,31.22111
1739941800000.0,95173.91,95209.0,95167.93,95207.56,33.57567
1739941860000.0,95207.55,95264.01,95207.55,95216.01,34.24768
1739941920000.0,95216.01,95281.48,95216.0,95281.48,37.36159
1739941980000.0,95281.48,95281.48,95261.02,95272.45,31.68767
1739942040000.0,95272.44,95273.22,95242.13,95259.05,41.89299
1739942100000.0,95259.06,95273.18,95218.25,95223.34,38.56139
1739942160000.0,95223.35,95239.62,95185.28,95199.38,72.75959
1739942220000.0,95199.39,95215.03,95125.99,95125.99,149.2407
1739942280000.0,95126.0,95205.19,95119.51,95120.0,93.85784
1739942340000.0,95120.0,95169.82,95083.94,95144.58,106.32671
1739942400000.0,95144.59,95144.59,95103.61,95103.62,31.75022
1739942460000.0,95103.61,95130.56,95048.28,95077.77,105.68393
1739942520000.0,95077.77,95077.77,95047.69,95069.94,50.21381
1739942580000.0,95069.94,95072.12,95039.98,95046.26,53.80535
1739942640000.0,95046.27,95059.99,95041.76,95050.06,34.38131
1739942700000.0,95050.06,95083.82,95050.05,95060.09,72.04294
1739942760000.0,95060.09,95060.09,95056.36,95056.36,30.17039
1739942820000.0,95056.36,95108.37,95056.36,95108.19,38.12136
1739942880000.0,95108.19,95108.2,95054.1,95059.99,120.34598
1739942940000.0,95059.99,95109.55,95029.99,95109.54,71.24104
1739943000000.0,95109.55,95185.28,95109.54,95179.79,37.29614
1739943060000.0,95179.8,95192.0,95156.59,95180.71,35.26709
1739943120000.0,95180.71,95194.4,95154.85,95175.48,56.60292
1739943180000.0,95175.49,95205.19,95175.48,95205.19,26.76817
1739943240000.0,95205.2,95213.12,95191.81,95212.0,28.36729
1739943300000.0,95211.99,95224.31,95203.73,95224.01,28.79307
1739943360000.0,95224.01,95252.4,95211.18,95252.4,30.31628
1739943420000.0,95252.39,95261.81,95221.57,95244.35,29.53647
1739943480000.0,95244.35,95252.58,95226.92,95226.93,25.31383
1739943540000.0,95226.93,95258.18,95226.69,95258.17,26.52064
1739943600000.0,95258.18,95258.18,95243.04,95244.25,34.00257
1739943660000.0,95244.25,95329.56,95244.25,95299.98,25.18768
1739943720000.0,95299.99,95340.05,95299.98,95329.49,4.64211
1739943780000.0,95329.5,95329.5,95321.0,95321.01,1.73977
1739943840000.0,95321.01,95321.01,95314.71,95314.72,8.35519
1739943900000.0,95314.71,95314.72,95302.34,95302.34,0.97477
1739943960000.0,95302.34,95309.5,95274.95,95309.49,5.53176
1739944020000.0,95309.5,95332.58,95309.49,95332.57,8.2386
1739944080000.0,95332.58,95338.5,95314.71,95314.72,2.2623
1739944140000.0,95314.71,95336.23,95314.71,95336.23,1.83686
1739944200000.0,95336.23,95336.23,95314.57,95321.81,11.73978
1739944260000.0,95321.81,95338.84,95321.8,95338.77,7.86446
1739944320000.0,95338.78,95338.78,95305.17,95305.17,8.61832
1739944380000.0,95305.17,95309.99,95305.17,95309.98,1.65161
1739944440000.0,95309.98,95316.55,95309.98,95316.54,2.98965
1739944500000.0,95316.55,95330.0,95316.54,95329.99,2.9938
1739944560000.0,95329.99,95330.0,95323.42,95323.43,1.92707
1739944620000.0,95323.43,95323.43,95278.54,95278.55,4.52841
1739944680000.0,95278.55,95278.55,95259.08,95259.09,2.68787
1739944740000.0,95259.08,95289.34,95250.29,95289.33,3.32984
1739944800000.0,95289.34,95299.08,95289.33,95299.07,1.26167
1739944860000.0,95299.07,95302.19,95291.43,95291.44,2.12195
1739944920000.0,95291.44,95335.7,95291.43,95335.69,1.53433
1739944980000.0,95335.7,95335.7,95291.59,95291.6,12.15689
1739945040000.0,95291.6,95291.6,95253.95,95253.96,13.17078
1739945100000.0,95253.96,95253.97,95253.96,95253.97,1.14943
1739945160000.0,95253.96,95253.97,95253.96,95253.96,2.80396
1739945220000.0,95253.96,95268.38,95249.65,95256.36,6.66374
1739945280000.0,95256.36,95335.32,95256.35,95301.18,28.95832
1739945340000.0,95301.18,95301.18,95258.16,95280.05,20.3686
1739945400000.0,95280.04,95308.81,95280.04,95308.8,6.07685
1739945460000.0,95308.8,95330.0,95304.27,95330.0,5.53334
1739945520000.0,95330.0,95356.0,95329.99,95355.99,3.87094
1739945580000.0,95355.99,95372.32,95355.99,95372.31,2.82583
1739945640000.0,95372.32,95372.32,95351.33,95351.46,12.60022
1739945700000.0,95351.45,95359.59,95351.45,95359.59,3.11333
1739945760000.0,95359.58,95359.59,95337.29,95337.29,5.51827
1739945820000.0,95337.29,95337.3,95301.5,95312.05,2.97693
1739945880000.0,95312.05,95324.87,95280.31,95302.3,9.2157
1739945940000.0,95302.3,95302.31,95302.3,95302.3,0.71693
1739946000000.0,95302.31,95302.31,95302.3,95302.31,0.64122
1739946060000.0,95302.31,95334.79,95302.3,95334.79,4.37843
1739946120000.0,95334.8,95396.23,95334.8,95396.23,10.58565
1739946180000.0,95396.23,95396.23,95375.59,95375.59,2.76119
1739946240000.0,95375.6,95375.6,95355.93,95355.93,1.46271
1739946300000.0,95355.93,95391.85,95355.93,95391.85,2.34942
1739946360000.0,95391.85,95391.85,95382.33,95382.34,1.91852
1739946420000.0,95382.33,95382.34,95358.49,95358.5,3.29782
1739946480000.0,95358.49,95358.5,95350.0,95358.5,4.35631
1739946540000.0,95358.49,95391.28,95358.49,95387.62,2.68429
1739946600000.0,95387.63,95387.63,95382.96,95382.96,1.89814
1739946660000.0,95382.96,95382.96,95359.54,95373.99,3.55038
1739946720000.0,95373.98,95385.84,95373.98,95385.84,0.74807
1739946780000.0,95385.84,95395.23,95385.83,95395.22,0.72898
1739946840000.0,95395.23,95395.23,95386.12,95386.13,1.37985
1739946900000.0,95386.12,95386.13,95366.17,95366.18,1.80743
1739946960000.0,95366.18,95366.18,95362.84,95362.84,1.29644
1739947020000.0,95362.85,95366.17,95359.0,95366.17,1.19926
1739947080000.0,95366.17,95397.3,95366.17,95385.78,5.24101
1739947140000.0,95385.78,95387.82,95385.77,95387.82,0.46303
1739947200000.0,95387.81,95387.82,95368.73,95368.73,7.48907
1739947260000.0,95368.73,95399.86,95363.19,95385.39,3.86822
1739947320000.0,95385.38,95385.39,95355.14,95368.88,5.42973
1739947380000.0,95368.89,95373.99,95353.99,95354.0,1.41704
1739947440000.0,95353.99,95362.09,95329.75,95362.09,4.23205
1739947500000.0,95362.09,95380.0,95362.09,95380.0,6.93345
1739947560000.0,95380.0,95380.0,95379.99,95380.0,6.69291
1739947620000.0,95379.99,95398.0,95379.99,95397.99,17.35165
1739947680000.0,95397.99,95435.62,95397.99,95435.61,43.98089
1739947740000.0,95435.61,95507.94,95435.61,95507.93,22.31812
1739947800000.0,95507.94,95550.0,95507.93,95547.68,13.0384
1739947860000.0,95547.69,95599.98,95511.94,95587.99,25.82976
1739947920000.0,95587.98,95652.0,95583.7,95604.06,29.32469
1739947980000.0,95604.05,95604.05,95565.81,95576.29,13.6321
1739948040000.0,95576.28,95605.0,95561.11,95581.49,5.62889
1739948100000.0,95581.98,95613.64,95555.22,95574.0,12.27016
1739948160000.0,95574.0,95599.06,95574.0,95590.45,3.59152
1739948220000.0,95590.44,95600.0,95587.5,95600.0,7.79431
1739948280000.0,95599.99,95650.0,95599.99,95636.87,5.23615
1739948340000.0,95636.87,95636.87,95616.3,95616.31,4.92077
1739948400000.0,95616.31,95637.13,95601.18,95637.13,4.1164
1739948460000.0,95637.13,95657.45,95637.12,95652.1,7.65815
1739948520000.0,95652.1,95697.36,95652.09,95688.29,16.47565
1739948580000.0,95688.28,95697.18,95684.99,95697.17,6.76488
1739948640000.0,95697.18,95697.18,95691.99,95697.18,4.8266
1739948700000.0,95697.18,95727.26,95697.17,95727.25,5.72111
1739948760000.0,95727.26,95732.58,95710.85,95724.28,14.51291
1739948820000.0,95724.28,95724.28,95694.04,95697.09,9.21861
1739948880000.0,95697.08,95712.0,95697.08,95709.31,7.44473
1739948940000.0,95709.31,95735.84,95703.8,95735.83,5.83958
1739949000000.0,95735.83,95738.02,95726.74,95726.75,5.71488
1739949060000.0,95726.74,95735.85,95706.46,95730.73,14.91841
1739949120000.0,95730.72,95773.59,95730.72,95762.14,12.97822
1739949180000.0,95762.14,95762.14,95762.13,95762.14,3.16553
1739949240000.0,95762.13,95762.15,95736.76,95736.76,23.30555
1739949300000.0,95736.75,95736.76,95715.98,95715.99,8.87307
1739949360000.0,95715.99,95720.59,95702.01,95707.91,13.43213
1739949420000.0,95707.92,95719.88,95689.03,95689.67,15.74144
1739949480000.0,95689.68,95697.04,95689.67,95697.04,3.44128
1739949540000.0,95697.03,95697.04,95684.49,95684.5,8.67456
1739949600000.0,95684.5,95699.62,95682.58,95684.51,4.54044
1739949660000.0,95684.5,95684.51,95680.0,95680.0,5.64079
1739949720000.0,95680.0,95686.0,95618.61,95624.0,14.64986
1739949780000.0,95624.0,95664.6,95623.99,95638.86,8.35383
1739949840000.0,95638.87,95638.87,95630.87,95630.87,2.07126
1739949900000.0,95630.88,95630.88,95592.35,95592.35,5.09796
1739949960000.0,95592.36,95592.36,95588.0,95588.0,2.12459
1739950020000.0,95588.01,95619.85,95588.0,95619.85,5.65911
1739950080000.0,95619.85,95629.58,95619.84,95629.57,3.61815
1739950140000.0,95629.57,95644.65,95629.57,95644.65,2.83029
1739950200000.0,95644.65,95657.49,95644.64,95650.84,4.59212
1739950260000.0,95650.85,95650.85,95650.84,95650.84,2.09569
1739950320000.0,95650.84,95659.63,95650.84,95659.62,4.08595
1739950380000.0,95659.62,95659.63,95653.86,95653.86,5.68643
1739950440000.0,95653.87,95653.87,95653.86,95653.86,3.03708
1739950500000.0,95653.86,95686.08,95637.16,95675.01,25.93231
1739950560000.0,95675.01,95686.37,95661.95,95686.36,5.51802
1739950620000.0,95686.37,95707.46,95676.0,95707.45,7.69986
1739950680000.0,95707.46,95707.46,95673.39,95673.39,5.42375
1739950740000.0,95673.4,95681.88,95673.39,95681.87,1.97807
1739950800000.0,95681.88,95705.45,95681.87,95705.45,2.26761
1739950860000.0,95705.45,95705.45,95696.07,95700.15,3.94177
1739950920000.0,95700.15,95709.4,95700.14,95702.1,7.12391
1739950980000.0,95702.1,95709.4,95702.09,95709.4,1.18794
1739951040000.0,95709.4,95720.0,95709.39,95719.99,4.38892
1739951100000.0,95719.99,95766.77,95719.99,95766.77,6.6757
1739951160000.0,95766.77,95790.0,95766.76,95790.0,2.40354
1739951220000.0,95790.0,95790.0,95732.31,95739.75,15.39511
1739951280000.0,95739.75,95816.0,95739.74,95816.0,14.4615
1739951340000.0,95816.0,95846.15,95815.99,95817.13,10.67399
1739951400000.0,95817.14,95843.26,95817.13,95843.25,2.87699
1739951460000.0,95843.26,95843.26,95843.25,95843.25,2.31355
1739951520000.0,95843.26,95843.26,95838.28,95838.28,4.09751
1739951580000.0,95838.29,95838.29,95814.19,95814.19,21.19477
1739951640000.0,95814.19,95814.2,95793.83,95793.84,5.33248
1739951700000.0,95793.84,95793.84,95759.71,95759.71,7.07212
1739951760000.0,95759.72,95759.72,95737.33,95737.33,4.06518
1739951820000.0,95737.34,95737.34,95712.09,95712.1,6.67006
1739951880000.0,95712.09,95712.1,95687.71,95687.72,4.94378
1739951940000.0,95687.72,95687.72,95687.71,95687.71,1.53839
1739952000000.0,95687.71,95702.0,95677.59,95700.0,7.47424
1739952060000.0,95700.0,95735.85,95672.02,95728.7,6.85486
1739952120000.0,95728.7,95728.7,95714.92,95714.93,1.85741
1739952180000.0,95714.92,95727.43,95714.92,95727.43,6.48551
1739952240000.0,95727.42,95727.43,95707.33,95707.33,1.84078
1739952300000.0,95707.34,95723.41,95694.34,95723.4,3.92962
1739952360000.0,95723.41,95737.23,95723.4,95734.96,1.97047
1739952420000.0,95734.96,95771.6,95734.95,95771.6,1.61165
1739952480000.0,95771.6,95800.0,95771.6,95799.99,6.73563
1739952540000.0,95799.99,95811.05,95783.89,95811.05,6.10637
1739952600000.0,95811.05,95811.05,95801.46,95804.08,7.38352
1739952660000.0,95804.07,95804.08,95788.2,95788.2,2.5669
1739952720000.0,95788.2,95788.21,95788.2,95788.21,2.90151
1739952780000.0,95788.2,95788.21,95747.01,95748.53,4.56474
1739952840000.0,95748.53,95748.54,95737.08,95737.08,5.20749
1739952900000.0,95737.08,95800.0,95737.08,95799.99,5.76329
1739952960000.0,95799.99,95811.29,95799.99,95811.28,2.60956
1739953020000.0,95811.29,95811.29,95811.28,95811.28,1.72541
1739953080000.0,95811.28,95811.29,95801.7,95801.7,2.86437
1739953140000.0,95801.7,95801.71,95796.01,95796.02,2.32842
1739953200000.0,95796.01,95796.02,95776.86,95780.79,4.61282
1739953260000.0,95780.79,95780.79,95768.49,95768.5,3.87528
1739953320000.0,95768.49,95768.49,95750.0,95750.0,2.87545
1739953380000.0,95750.01,95775.02,95750.0,95773.99,7.54847
1739953440000.0,95773.99,95800.0,95773.98,95799.99,4.41541
1739953500000.0,95800.0,95810.17,95799.99,95810.16,7.50786
1739953560000.0,95810.17,95822.99,95810.16,95822.99,4.72846
1739953620000.0,95822.98,95834.32,95822.98,95829.32,2.46675
1739953680000.0,95829.32,95866.0,95814.3,95835.61,58.2545
1739953740000.0,95835.6,95835.61,95813.76,95819.91,24.75225
1739953800000.0,95819.91,95866.0,95819.9,95848.18,8.94238
1739953860000.0,95848.18,95857.99,95848.18,95857.98,5.42773
1739953920000.0,95857.98,95857.98,95777.0,95777.0,8.3978
1739953980000.0,95777.01,95777.01,95720.96,95720.96,11.14834
1739954040000.0,95720.97,95720.97,95720.96,95720.97,1.18099
1739954100000.0,95720.97,95728.0,95711.76,95728.0,8.8877
1739954160000.0,95728.0,95731.56,95727.99,95731.56,4.43284
1739954220000.0,95731.56,95736.3,95731.55,95736.29,6.67895
1739954280000.0,95736.29,95736.3,95702.91,95702.91,6.47848
1739954340000.0,95702.91,95719.32,95702.91,95719.31,3.22068
1739954400000.0,95719.32,95736.29,95719.31,95736.29,2.78883
1739954460000.0,95736.29,95736.29,95736.28,95736.29,1.1589
1739954520000.0,95736.29,95745.86,95728.91,95745.86,3.83001
1739954580000.0,95745.86,95745.86,95745.85,95745.85,3.26604
1739954640000.0,95745.86,95758.64,95745.85,95758.63,3.54133
1739954700000.0,95758.63,95758.64,95745.85,95745.85,3.64446
1739954760000.0,95745.85,95745.86,95702.92,95702.92,2.76926
1739954820000.0,95702.92,95702.92,95690.0,95690.0,3.77745
1739954880000.0,95690.0,95690.01,95679.8,95679.81,1.83441
1739954940000.0,95679.8,95700.0,95679.8,95699.99,5.65835
1739955000000.0,95700.0,95714.84,95699.99,95714.83,2.31395
1739955060000.0,95714.84,95724.29,95711.19,95711.19,5.28707
1739955120000.0,95711.2,95711.2,95688.81,95692.13,3.00914
1739955180000.0,95692.14,95692.14,95636.03,95677.0,6.15711
1739955240000.0,95676.99,95677.0,95663.92,95663.92,1.16091
1739955300000.0,95663.92,95682.95,95639.72,95639.72,5.20726
1739955360000.0,95639.72,95669.01,95636.03,95669.0,3.6765
1739955420000.0,95669.0,95677.75,95660.37,95672.0,4.58422
1739955480000.0,95672.0,95672.01,95637.59,95643.38,6.69626
1739955540000.0,95643.37,95643.38,95616.6,95629.99,6.78517
1739955600000.0,95629.99,95645.5,95629.7,95645.5,4.20066
1739955660000.0,95645.49,95660.0,95645.49,95660.0,1.46743
1739955720000.0,95659.99,95673.36,95645.5,95673.36,2.9166
1739955780000.0,95673.36,95709.2,95673.35,95709.19,1.83019
1739955840000.0,95709.19,95727.58,95709.19,95713.49,3.93759
1739955900000.0,95713.48,95713.48,95707.04,95707.04,2.16112
1739955960000.0,95707.05,95714.02,95707.05,95714.02,2.73685
1739956020000.0,95715.88,95778.1,95715.88,95778.1,2.84447
1739956080000.0,95778.1,95792.29,95778.09,95786.77,8.93162
1739956140000.0,95786.77,95792.29,95773.59,95773.59,6.65426
1739956200000.0,95773.59,95800.09,95766.94,95780.82,42.78245
1739956260000.0,95780.82,95782.97,95752.5,95752.5,12.66982
1739956320000.0,95752.5,95752.51,95717.39,95717.4,10.30869
1739956380000.0,95717.39,95734.97,95717.39,95723.97,8.29007
1739956440000.0,95723.97,95752.67,95669.83,95745.88,13.37642
1739956500000.0,95745.87,95759.21,95745.87,95759.12,4.08612
1739956560000.0,95759.13,95759.14,95759.12,95759.14,3.55397
1739956620000.0,95759.13,95759.14,95744.45,95744.45,5.75907
1739956680000.0,95744.45,95784.93,95744.45,95771.99,6.08625
1739956740000.0,95771.99,95772.0,95713.14,95728.8,11.74357
1739956800000.0,95728.8,95740.0,95716.0,95722.8,8.02254
1739956860000.0,95722.81,95722.81,95705.09,95705.1,6.15353
1739956920000.0,95705.09,95705.1,95656.43,95668.01,14.36977
1739956980000.0,95668.01,95668.01,95668.0,95668.0,2.02406
1739957040000.0,95668.01,95700.0,95668.0,95699.99,5.58076
1739957100000.0,95700.0,95743.6,95699.99,95743.6,2.9494
1739957160000.0,95743.6,95781.87,95743.59,95781.87,7.48324
1739957220000.0,95781.87,95781.87,95781.86,95781.86,4.11006
1739957280000.0,95781.87,95792.56,95781.86,95792.56,8.40525
1739957340000.0,95792.55,95811.33,95788.68,95788.68,12.84792
1739957400000.0,95788.68,95809.65,95788.68,95791.8,15.59592
1739957460000.0,95791.8,95808.0,95762.13,95762.14,26.44998
1739957520000.0,95762.14,95769.76,95747.02,95747.03,7.64091
1739957580000.0,95747.03,95767.73,95736.16,95764.38,5.43977
1739957640000.0,95764.39,95778.88,95764.38,95778.87,3.92631
1739957700000.0,95778.88,95778.88,95776.81,95776.82,5.83973
1739957760000.0,95776.81,95776.82,95761.84,95761.85,10.20045
1739957820000.0,95761.85,95776.79,95744.66,95776.78,8.58458
1739957880000.0,95776.78,95783.59,95776.73,95776.73,10.83248
1739957940000.0,95776.74,95801.74,95776.73,95801.74,6.75115
1739958000000.0,95801.74,95811.0,95783.59,95811.0,8.07528
1739958060000.0,95811.0,95828.18,95811.0,95828.18,12.74952
1739958120000.0,95828.18,95848.0,95828.17,95837.07,16.70399
1739958180000.0,95837.06,95856.85,95837.06,95856.85,9.67789
1739958240000.0,95856.85,95870.68,95856.84,95870.68,17.90386
1739958300000.0,95870.68,95870.68,95857.92,95857.92,17.9979
1739958360000.0,95857.92,95863.28,95849.45,95861.15,15.71515
1739958420000.0,95861.15,95861.16,95861.14,95861.14,9.14766
1739958480000.0,95861.14,95861.15,95850.48,95861.14,14.38105
1739958540000.0,95861.14,95864.78,95857.84,95864.77,11.25565
1739958600000.0,95864.77,95880.0,95857.84,95879.99,12.41266
1739958660000.0,95880.0,95880.0,95857.84,95872.39,13.90894
1739958720000.0,95872.39,95886.8,95872.39,95877.2,12.14464
1739958780000.0,95877.2,95886.79,95877.2,95886.79,5.86913
1739958840000.0,95886.78,95895.52,95886.78,95895.52,8.49355
1739958900000.0,95895.52,95972.75,95895.51,95972.74,19.53777
1739958960000.0,95972.75,96024.25,95972.74,95987.19,39.21805
1739959020000.0,95987.19,95994.27,95899.72,95924.3,34.63861
1739959080000.0,95924.3,95924.3,95858.84,95858.84,14.87886
1739959140000.0,95858.84,95939.59,95858.84,95937.4,18.57426
1739959200000.0,95937.4,96053.51,95937.39,96028.65,35.89149
1739959260000.0,96028.64,96218.86,96028.64,96140.28,76.91058
1739959320000.0,96140.28,96282.21,96140.27,96264.15,41.70031
1739959380000.0,96264.15,96339.96,96256.59,96339.95,52.54443
1739959440000.0,96339.95,96468.99,96339.95,96453.46,91.34849
1739959500000.0,96453.46,96463.71,96376.13,96389.99,49.422
1739959560000.0,96389.99,96429.92,96350.0,96421.19,28.24655
1739959620000.0,96421.19,96433.8,96383.13,96383.14,44.46347
1739959680000.0,96383.14,96383.14,96300.37,96320.52,17.63478
1739959740000.0,96320.52,96394.71,96320.51,96371.83,25.20136
1739959800000.0,96371.83,96397.92,96368.97,96383.7,29.84137
1739959860000.0,96383.7,96383.71,96316.94,96324.71,26.1238
1739959920000.0,96324.72,96348.05,96324.71,96344.2,23.19818
1739959980000.0,96344.2,96395.21,96344.19,96393.6,10.65537
1739960040000.0,96393.59,96393.6,96344.23,96371.3,9.13183
1739960100000.0,96371.29,96395.2,96371.29,96395.19,11.37275
1739960160000.0,96395.19,96395.19,96339.97,96339.97,7.23908
1739960220000.0,96339.98,96355.22,96339.62,96339.63,7.73023
1739960280000.0,96339.63,96352.92,96339.62,96343.04,9.62359
1739960340000.0,96343.04,96377.36,96343.04,96377.36,9.57698
1739960400000.0,96377.35,96394.21,96377.35,96390.36,4.97616
1739960460000.0,96390.36,96395.21,96370.34,96388.05,16.28856
1739960520000.0,96388.04,96388.05,96344.23,96351.03,11.06267
1739960580000.0,96351.02,96351.03,96273.12,96277.34,22.40341
1739960640000.0,96277.34,96300.0,96252.4,96252.41,17.07356
1739960700000.0,96252.4,96300.0,96252.4,96300.0,11.56767
1739960760000.0,96300.0,96329.99,96299.99,96329.98,5.62671
1739960820000.0,96329.98,96367.68,96313.62,96344.23,9.32294
1739960880000.0,96344.24,96344.24,96335.44,96335.44,6.19562
1739960940000.0,96335.45,96335.45,96309.95,96309.95,7.04853
1739961000000.0,96309.95,96366.05,96309.95,96320.08,11.32049
1739961060000.0,96320.09,96320.09,96244.56,96248.16,16.07656
1739961120000.0,96248.16,96282.0,96243.04,96243.05,14.32944
1739961180000.0,96243.04,96257.99,96219.07,96219.07,6.65191
1739961240000.0,96219.07,96233.17,96204.59,96208.4,12.78204
1739961300000.0,96208.41,96221.93,96131.01,96191.15,26.23277
1739961360000.0,96191.16,96191.16,96175.17,96175.18,6.30664
1739961420000.0,96175.18,96175.18,96150.94,96152.09,5.97592
1739961480000.0,96152.1,96215.99,96152.1,96215.99,5.71878
1739961540000.0,96215.98,96245.46,96215.98,96245.46,7.68716
1739961600000.0,96245.46,96279.99,96245.46,96279.99,3.66211
1739961660000.0,96279.98,96295.52,96279.98,96295.52,3.83655
1739961720000.0,96295.52,96303.18,96295.51,96303.17,4.99201
1739961780000.0,96303.18,96323.46,96303.17,96323.46,3.61204
1739961840000.0,96323.46,96323.46,96233.69,96247.74,13.26789
1739961900000.0,96247.75,96285.92,96247.74,96259.31,3.68304
1739961960000.0,96259.3,96274.96,96248.51,96248.52,5.79561
1739962020000.0,96248.51,96258.33,96233.8,96233.81,4.47918
1739962080000.0,96233.81,96249.18,96233.8,96249.17,4.33385
1739962140000.0,96249.18,96250.02,96224.24,96250.02,3.14462
1739962200000.0,96250.02,96282.8,96250.01,96282.8,4.1208
1739962260000.0,96282.8,96300.0,96282.79,96283.75,5.62271
1739962320000.0,96283.74,96319.32,96283.74,96301.88,12.96172
1739962380000.0,96301.89,96313.17,96278.92,96313.16,3.40877
1739962440000.0,96313.17,96316.71,96268.45,96295.93,32.46136
1739962500000.0,96295.93,96334.16,96295.92,96334.15,3.46154
1739962560000.0,96334.16,96334.2,96330.31,96330.32,4.1765
1739962620000.0,96330.32,96330.32,96330.31,96330.31,9.90273
1739962680000.0,96330.31,96332.99,96330.31,96332.99,2.92272
1739962740000.0,96332.98,96332.99,96330.31,96330.32,3.73581
1739962800000.0,96330.31,96330.32,96320.12,96330.32,3.94391
1739962860000.0,96330.32,96340.0,96330.31,96340.0,2.92941
1739962920000.0,96340.0,96340.0,96264.16,96282.85,20.36637
1739962980000.0,96282.86,96301.89,96274.01,96282.01,8.29723
1739963040000.0,96282.0,96300.0,96255.49,96299.99,3.89518
1739963100000.0,96300.0,96322.74,96299.99,96321.71,7.83443
1739963160000.0,96321.71,96329.34,96311.39,96329.33,8.99024
1739963220000.0,96329.33,96329.34,96324.99,96324.99,4.10154
1739963280000.0,96325.0,96325.0,96315.35,96319.19,3.53897
1739963340000.0,96319.19,96324.99,96319.19,96324.99,3.83734
1739963400000.0,96324.99,96366.05,96322.01,96355.54,10.88654
1739963460000.0,96355.54,96385.88,96355.54,96379.99,36.20187
1739963520000.0,96379.99,96379.99,96342.41,96351.16,6.4572
1739963580000.0,96351.16,96370.14,96351.16,96370.13,3.39854
1739963640000.0,96370.13,96370.14,96370.13,96370.13,2.20661
1739963700000.0,96370.14,96379.77,96370.13,96379.77,2.7271
1739963760000.0,96379.77,96380.0,96379.76,96379.92,5.02508
1739963820000.0,96379.92,96379.93,96311.92,96331.21,8.65946
1739963880000.0,96331.2,96331.21,96290.31,96290.77,6.9386
1739963940000.0,96290.77,96303.49,96256.0,96256.0,8.78944
1739964000000.0,96256.01,96270.31,96247.99,96270.3,7.41097
1739964060000.0,96270.3,96270.3,96247.99,96248.0,6.93761
1739964120000.0,96247.99,96248.0,96234.08,96234.14,11.78904
1739964180000.0,96234.14,96240.1,96234.08,96234.09,11.11621
1739964240000.0,96234.09,96234.82,96234.07,96234.82,9.19735
1739964300000.0,96234.82,96242.99,96234.82,96242.99,3.61274
1739964360000.0,96242.99,96243.7,96205.4,96218.12,11.08598
1739964420000.0,96218.12,96237.9,96218.12,96229.37,6.4502
1739964480000.0,96229.37,96243.0,96229.36,96242.99,8.61159
1739964540000.0,96243.0,96246.82,96243.0,96246.81,2.08591
1739964600000.0,96246.81,96260.29,96237.7,96260.28,10.29512
1739964660000.0,96260.28,96260.29,96256.13,96259.99,7.86003
1739964720000.0,96260.0,96260.0,96231.85,96231.86,3.26308
1739964780000.0,96231.86,96231.86,96218.96,96218.97,4.93599
1739964840000.0,96218.97,96268.78,96218.97,96268.78,7.56851
1739964900000.0,96268.78,96289.99,96257.1,96257.11,15.93031
1739964960000.0,96257.11,96296.01,96253.33,96296.01,4.41871
1739965020000.0,96296.01,96317.92,96296.0,96308.28,6.16185
1739965080000.0,96308.29,96308.29,96298.58,96308.28,5.1895
1739965140000.0,96308.28,96308.29,96291.0,96291.0,3.40701
1739965200000.0,96291.0,96291.01,96264.15,96264.16,8.99467
1739965260000.0,96264.15,96283.59,96264.15,96264.15,4.44235
1739965320000.0,96264.16,96270.84,96264.15,96266.53,2.04427
1739965380000.0,96266.53,96270.0,96266.53,96270.0,2.72982
1739965440000.0,96269.99,96273.25,96269.99,96272.83,5.90091
1739965500000.0,96272.83,96273.17,96264.15,96273.15,7.98463
1739965560000.0,96273.16,96273.16,96265.59,96270.15,6.16685
1739965620000.0,96270.15,96289.99,96270.14,96289.99,8.15892
1739965680000.0,96289.98,96301.88,96289.98,96301.87,2.63578
1739965740000.0,96301.87,96301.88,96264.74,96264.75,6.63941
1739965800000.0,96264.74,96329.36,96264.74,96329.36,8.36161
1739965860000.0,96329.35,96380.0,96329.35,96376.8,10.2094
1739965920000.0,96376.8,96380.0,96376.8,96380.0,2.22355
1739965980000.0,96380.0,96380.0,96379.99,96380.0,12.60932
1739966040000.0,96380.0,96383.85,96379.99,96383.85,14.94482
1739966100000.0,96383.84,96400.0,96383.84,96399.99,5.42409
1739966160000.0,96399.99,96400.0,96399.99,96399.99,1.71171
1739966220000.0,96400.0,96423.08,96399.99,96400.0,18.78589
1739966280000.0,96400.01,96400.01,96368.26,96371.22,8.38966
1739966340000.0,96371.22,96422.6,96371.22,96422.6,12.51999
1739966400000.0,96422.6,96463.71,96389.92,96415.1,36.71931
1739966460000.0,96415.09,96475.72,96415.09,96475.71,20.23993
1739966520000.0,96475.7,96475.71,96452.83,96452.83,6.37613
1739966580000.0,96452.83,96468.24,96452.83,96468.24,3.78503
1739966640000.0,96468.23,96488.15,96453.1,96488.14,6.59832
1739966700000.0,96488.15,96495.0,96488.14,96488.14,13.07274
1739966760000.0,96488.14,96488.15,96416.9,96416.91,17.08338
1739966820000.0,96416.9,96426.95,96392.48,96392.48,4.78515
1739966880000.0,96392.48,96424.13,96392.48,96419.12,5.07147
1739966940000.0,96419.12,96481.6,96419.12,96481.6,5.007
1739967000000.0,96481.6,96481.6,96438.52,96459.99,13.78304
1739967060000.0,96459.99,96481.6,96438.52,96438.52,21.96536
1739967120000.0,96438.52,96438.53,96422.53,96434.77,4.89873
1739967180000.0,96434.76,96434.76,96417.53,96417.53,3.9263
1739967240000.0,96417.53,96417.54,96386.94,96386.94,4.28209
1739967300000.0,96386.94,96415.23,96386.94,96395.51,9.80453
1739967360000.0,96395.5,96395.5,96336.9,96371.95,11.13725
1739967420000.0,96371.95,96372.77,96332.18,96372.76,13.02069
1739967480000.0,96372.77,96377.26,96328.78,96328.79,6.90728
1739967540000.0,96328.79,96341.19,96328.79,96330.0,7.12544
1739967600000.0,96330.0,96375.85,96324.79,96375.84,7.47991
1739967660000.0,96375.84,96375.85,96375.84,96375.85,2.66947
1739967720000.0,96375.84,96375.85,96375.84,96375.85,2.39656
1739967780000.0,96375.85,96399.48,96375.85,96399.47,5.8145
1739967840000.0,96399.47,96404.0,96399.47,96402.86,6.12753
1739967900000.0,96402.86,96402.86,96402.85,96402.85,4.67269
1739967960000.0,96402.85,96457.94,96402.85,96457.93,7.30135
1739968020000.0,96457.93,96457.94,96436.82,96436.82,6.57856
1739968080000.0,96436.82,96436.83,96436.82,96436.83,3.77003
1739968140000.0,96436.83,96436.83,96436.82,96436.83,3.82376
1739968200000.0,96436.83,96436.83,96398.03,96398.03,4.74941
1739968260000.0,96398.03,96398.04,96347.5,96347.5,5.69814
1739968320000.0,96347.51,96347.51,96283.36,96301.88,16.05869
1739968380000.0,96301.89,96301.89,96299.89,96300.0,8.51658
1739968440000.0,96300.0,96300.0,96283.36,96283.94,6.67017
1739968500000.0,96283.93,96340.0,96283.93,96322.01,6.71375
1739968560000.0,96322.0,96322.01,96321.98,96321.98,6.02588
1739968620000.0,96321.98,96321.99,96303.77,96303.77,8.90975
1739968680000.0,96303.78,96303.78,96300.0,96300.0,5.05379
1739968740000.0,96300.0,96325.83,96300.0,96325.83,7.64684
1739968800000.0,96325.83,96325.83,96325.82,96325.83,2.25345
1739968860000.0,96325.83,96325.83,96306.79,96306.79,4.96441
1739968920000.0,96306.8,96306.8,96287.83,96287.84,2.27004
1739968980000.0,96287.83,96296.94,96287.83,96296.9,6.67208
1739969040000.0,96296.89,96296.9,96289.71,96289.71,3.25731
1739969100000.0,96289.71,96289.71,96236.0,96236.01,13.46383
1739969160000.0,96236.0,96260.79,96228.04,96260.79,5.05551
1739969220000.0,96260.79,96288.93,96260.78,96288.92,4.29861
1739969280000.0,96288.93,96288.93,96266.61,96273.99,10.40031
1739969340000.0,96274.0,96274.0,96266.51,96266.52,4.19879
1739969400000.0,96266.51,96283.69,96264.15,96283.08,13.66645
1739969460000.0,96283.08,96283.09,96253.95,96253.96,7.20409
1739969520000.0,96253.96,96253.96,96226.41,96226.42,4.01456
1739969580000.0,96226.42,96226.42,96204.0,96204.01,17.08598
1739969640000.0,96204.0,96226.25,96204.0,96226.25,15.36874
1739969700000.0,96226.25,96231.39,96211.85,96228.93,5.97079
1739969760000.0,96228.94,96228.94,96200.0,96200.0,13.90788
1739969820000.0,96200.0,96200.01,96178.01,96198.87,24.68601
1739969880000.0,96198.87,96198.88,96189.38,96189.38,5.41405
1739969940000.0,96189.38,96199.0,96138.4,96166.44,24.51245
1739970000000.0,96166.45,96223.99,96166.44,96214.06,34.04526
1739970060000.0,96214.07,96228.93,96214.06,96228.93,12.2619
1739970120000.0,96228.93,96244.59,96228.93,96230.36,19.38036
1739970180000.0,96230.36,96259.99,96230.35,96256.71,12.12399
1739970240000.0,96256.71,96278.47,96256.71,96278.47,11.24609
1739970300000.0,96278.47,96278.47,96264.15,96264.16,22.95934
1739970360000.0,96264.15,96275.44,96264.15,96275.43,16.21933
1739970420000.0,96275.43,96285.05,96275.42,96285.05,18.86134
1739970480000.0,96285.04,96285.05,96266.11,96267.23,12.59873
1739970540000.0,96267.24,96267.25,96267.23,96267.25,3.61795
1739970600000.0,96267.25,96270.25,96267.24,96270.23,8.98063
1739970660000.0,96270.24,96270.24,96241.55,96256.12,28.69958
1739970720000.0,96256.12,96270.22,96232.72,96232.72,11.0859
1739970780000.0,96232.73,96232.73,96200.0,96200.01,5.28744
1739970840000.0,96200.0,96200.01,96181.45,96181.45,7.55598
1739970900000.0,96181.45,96215.74,96181.45,96215.74,11.70205
1739970960000.0,96215.73,96249.79,96215.73,96249.78,5.53561
1739971020000.0,96249.78,96270.24,96249.78,96270.24,7.49634
1739971080000.0,96270.23,96270.24,96270.23,96270.23,4.73337
1739971140000.0,96270.23,96273.35,96270.23,96273.34,9.74903
1739971200000.0,96273.35,96275.43,96264.15,96275.43,9.09331
1739971260000.0,96275.42,96299.99,96275.42,96282.14,12.54371
1739971320000.0,96282.14,96290.44,96264.15,96290.43,12.80618
1739971380000.0,96290.43,96290.44,96290.43,96290.43,5.04434
1739971440000.0,96290.43,96290.44,96288.0,96288.01,2.91414
1739971500000.0,96288.01,96297.46,96288.0,96297.45,4.77137
1739971560000.0,96297.45,96297.46,96297.45,96297.45,5.39198
1739971620000.0,96297.45,96297.46,96272.0,96272.01,6.19967
1739971680000.0,96272.01,96272.01,96202.81,96218.28,13.64959
1739971740000.0,96218.28,96237.88,96218.27,96236.14,6.40267
1739971800000.0,96236.13,96236.14,96230.01,96230.01,6.20526
1739971860000.0,96230.02,96230.02,96197.76,96197.76,5.76795
1739971920000.0,96197.77,96248.28,96197.76,96248.27,7.87244
1739971980000.0,96248.27,96274.33,96248.27,96265.98,18.29685
1739972040000.0,96265.99,96272.79,96265.98,96272.78,3.45037
1739972100000.0,96272.78,96423.79,96272.78,96423.79,16.73357
1739972160000.0,96423.78,96481.6,96414.08,96481.6,22.80297
1739972220000.0,96481.59,96481.59,96395.2,96415.09,22.09274
1739972280000.0,96415.09,96415.09,96360.91,96381.35,11.37624
1739972340000.0,96381.36,96424.63,96381.35,96409.17,10.12243
1739972400000.0,96409.16,96409.17,96375.0,96384.41,4.39079
1739972460000.0,96384.4,96384.41,96335.53,96343.59,8.42771
1739972520000.0,96343.59,96351.97,96319.2,96351.97,4.94003
1739972580000.0,96351.96,96393.57,96351.96,96393.57,2.45235
1739972640000.0,96393.57,96402.6,96367.11,96367.11,5.27532
1739972700000.0,96367.12,96409.99,96367.12,96409.98,4.31243
1739972760000.0,96409.98,96409.99,96392.82,96392.82,6.61128
1739972820000.0,96392.82,96392.82,96345.58,96345.59,6.74854
1739972880000.0,96345.58,96385.83,96345.58,96360.11,6.21106
1739972940000.0,96360.11,96360.11,96326.82,96326.82,6.40414
1739973000000.0,96326.82,96375.94,96326.82,96375.93,6.30571
1739973060000.0,96375.94,96375.94,96350.04,96350.04,4.71663
1739973120000.0,96350.05,96350.05,96255.32,96274.78,28.65566
1739973180000.0,96274.78,96274.78,96250.0,96263.99,15.43939
1739973240000.0,96264.0,96315.34,96263.99,96315.34,5.01984
1739973300000.0,96315.34,96363.03,96315.33,96358.94,6.20491
1739973360000.0,96358.95,96358.95,96353.38,96356.29,4.69057
1739973420000.0,96356.29,96356.3,96303.89,96303.9,7.05494
1739973480000.0,96303.89,96303.9,96264.8,96264.8,32.26137
1739973540000.0,96264.79,96285.46,96264.16,96277.54,24.07473
1739973600000.0,96277.54,96303.0,96250.0,96260.92,28.59589
1739973660000.0,96260.91,96260.92,96190.19,96191.02,14.48774
1739973720000.0,96191.02,96191.03,96088.23,96159.65,31.5989
1739973780000.0,96159.66,96159.66,96062.0,96086.01,23.54257
1739973840000.0,96086.02,96134.85,96075.47,96111.8,27.54091
1739973900000.0,96111.81,96177.99,96111.8,96177.99,15.78642
1739973960000.0,96177.99,96200.0,96177.98,96199.99,5.89993
1739974020000.0,96200.0,96200.0,96153.31,96173.97,8.69899
1739974080000.0,96173.96,96200.0,96173.96,96188.34,7.26608
1739974140000.0,96188.34,96199.99,96171.89,96177.66,7.12346
1739974200000.0,96177.66,96199.19,96177.66,96199.18,5.78782
1739974260000.0,96199.18,96219.23,96194.4,96201.99,17.92686
1739974320000.0,96201.99,96249.75,96189.84,96189.84,8.13809
1739974380000.0,96189.84,96198.0,96189.84,96197.94,2.47589
1739974440000.0,96197.95,96197.95,96172.0,96172.01,2.70286
1739974500000.0,96172.0,96194.47,96172.0,96192.94,3.77755
1739974560000.0,96192.94,96204.67,96182.73,96194.91,6.58962
1739974620000.0,96194.91,96210.97,96159.81,96159.81,6.75509
1739974680000.0,96159.82,96159.82,96030.48,96040.06,15.51165
1739974740000.0,96040.06,96108.0,96021.44,96107.99,19.36119
1739974800000.0,96107.99,96183.99,96107.99,96183.99,5.29868
1739974860000.0,96183.98,96277.54,96183.98,96277.54,5.77385
1739974920000.0,96277.53,96298.0,96277.53,96280.65,7.16898
1739974980000.0,96280.66,96292.13,96247.46,96247.46,6.61463
1739975040000.0,96247.46,96272.27,96247.46,96272.26,5.52106
1739975100000.0,96272.26,96292.69,96257.3,96292.69,6.01998
1739975160000.0,96292.69,96319.0,96292.04,96292.04,16.47944
1739975220000.0,96292.04,96346.98,96282.42,96346.98,10.10679
1739975280000.0,96346.97,96388.02,96346.97,96388.02,7.72655
1739975340000.0,96388.01,96388.02,96347.03,96375.7,11.62135
1739975400000.0,96375.85,96410.0,96333.93,96403.99,29.77259
1739975460000.0,96403.99,96481.6,96352.73,96466.69,40.40318
1739975520000.0,96468.13,96603.78,96468.12,96550.0,111.90323
1739975580000.0,96550.0,96622.03,96529.75,96599.77,19.04867
1739975640000.0,96599.77,96656.0,96574.13,96641.46,26.03252
1739975700000.0,96641.46,96700.0,96541.59,96699.99,37.8231
1739975760000.0,96700.0,96700.0,96569.49,96597.22,33.17772
1739975820000.0,96597.21,96598.12,96492.68,96511.23,16.48556
1739975880000.0,96511.23,96524.96,96372.44,96421.59,25.9476
1739975940000.0,96421.6,96499.11,96370.81,96436.88,22.63875
1739976000000.0,96436.89,96514.01,96362.69,96456.47,19.42966
1739976060000.0,96456.46,96456.47,96282.56,96317.55,16.29454
1739976120000.0,96317.55,96317.56,96150.94,96150.94,35.96019
1739976180000.0,96150.95,96186.95,95883.56,95899.99,64.73339
1739976240000.0,95899.99,96062.33,95899.99,96005.47,23.86514
1739976300000.0,96005.47,96127.22,96005.47,96127.22,17.72203
1739976360000.0,96127.22,96188.68,96110.0,96184.61,10.1376
1739976420000.0,96184.6,96205.25,96120.34,96192.17,11.52546
1739976480000.0,96192.17,96216.36,96175.63,96204.98,5.43655
1739976540000.0,96204.99,96209.72,96037.9,96091.93,34.88542
1739976600000.0,96091.92,96142.6,96062.99,96133.64,10.95873
1739976660000.0,96132.93,96132.93,96012.81,96083.67,24.53705
1739976720000.0,96083.68,96092.52,96029.89,96045.84,10.25371
1739976780000.0,96045.84,96147.94,96045.83,96108.41,18.4241
1739976840000.0,96107.82,96114.17,96037.74,96037.75,12.80577
1739976900000.0,96037.74,96057.06,95935.43,95948.59,34.85483
1739976960000.0,95948.59,95949.32,95871.95,95881.71,18.13921
1739977020000.0,95881.72,95881.72,95794.23,95807.83,18.86849
1739977080000.0,95807.83,95886.8,95799.99,95886.79,15.6834
1739977140000.0,95886.8,95897.97,95692.0,95766.33,40.08759
1739977200000.0,95766.33,95816.0,95735.84,95761.64,17.73679
1739977260000.0,95761.64,95776.42,95633.52,95686.26,21.34277
1739977320000.0,95686.25,95756.0,95571.47,95700.0,51.0769
1739977380000.0,95700.0,95735.85,95648.22,95685.99,16.5889
1739977440000.0,95685.98,95760.0,95685.98,95749.51,15.68893
1739977500000.0,95749.51,95930.49,95749.51,95886.01,18.71274
1739977560000.0,95886.01,95942.08,95818.71,95871.48,24.20225
1739977620000.0,95871.48,95928.05,95773.51,95773.51,14.55149
1739977680000.0,95773.5,95773.51,95623.34,95642.13,92.35419
1739977740000.0,95642.12,95675.99,95536.36,95675.74,40.05012
1739977800000.0,95675.74,95815.75,95675.74,95781.86,14.20493
1739977860000.0,95781.85,95807.5,95735.84,95807.49,18.68803
1739977920000.0,95807.49,95815.55,95731.14,95743.54,22.82342
1739977980000.0,95743.55,95795.91,95679.41,95795.9,14.307
1739978040000.0,95795.91,95803.48,95754.33,95774.01,8.98721
1739978100000.0,95774.01,95828.77,95680.01,95828.77,13.26693
1739978160000.0,95828.78,95886.8,95777.36,95860.96,14.26693
1739978220000.0,95860.96,95900.0,95813.16,95873.62,11.33911
1739978280000.0,95873.62,96030.45,95849.06,95958.45,28.6789
1739978340000.0,95958.46,96004.41,95934.45,95963.74,12.38227
1739978400000.0,95963.74,96066.52,95926.84,96066.51,17.22082
1739978460000.0,96066.51,96175.05,96008.87,96008.87,23.83619
1739978520000.0,96008.84,96112.0,96006.01,96016.01,20.62457
1739978580000.0,96016.02,96016.02,95900.0,95949.01,10.48105
1739978640000.0,95949.01,95992.7,95909.34,95952.99,16.98854
1739978700000.0,95953.0,95967.72,95856.24,95862.4,19.66581
1739978760000.0,95862.39,95904.7,95822.55,95845.04,14.03597
1739978820000.0,95845.04,95941.84,95823.95,95932.4,6.65613
1739978880000.0,95932.4,96027.38,95926.55,96027.13,11.03562
1739978940000.0,96027.12,96027.34,95990.14,95994.27,14.22001
1739979000000.0,95994.27,96123.48,95978.97,96094.92,21.50567
1739979060000.0,96094.91,96299.94,96056.55,96299.94,77.04711
1739979120000.0,96299.99,96370.0,96261.77,96283.99,47.30746
1739979180000.0,96283.99,96405.45,96283.98,96336.01,66.58662
1739979240000.0,96336.01,96397.55,96310.01,96392.01,35.07946
1739979300000.0,96392.01,96399.35,96233.48,96233.48,18.91267
1739979360000.0,96233.48,96246.65,96165.74,96165.74,19.59001
1739979420000.0,96165.74,96241.58,96157.78,96166.15,14.14934
1739979480000.0,96166.16,96252.29,96166.16,96245.99,10.952
1739979540000.0,96245.99,96324.1,96227.96,96315.98,14.44961
1739979600000.0,96315.98,96335.24,96274.1,96276.32,17.29205
1739979660000.0,96276.32,96276.32,96190.5,96190.51,15.09303
1739979720000.0,96190.5,96273.04,96188.76,96273.04,4.67821
1739979780000.0,96273.04,96331.99,96273.03,96317.5,20.6224
1739979840000.0,96317.5,96328.54,96265.66,96265.67,6.88372
1739979900000.0,96265.66,96284.0,96235.0,96235.0,7.84811
1739979960000.0,96235.01,96235.01,96158.49,96196.01,19.32832
1739980020000.0,96196.0,96196.01,96113.21,96127.88,13.72488
1739980080000.0,96127.89,96186.14,96084.21,96119.41,18.11284
1739980140000.0,96119.4,96197.77,96119.4,96192.01,7.31366
1739980200000.0,96192.01,96238.48,96182.0,96238.48,6.21855
1739980260000.0,96238.47,96247.42,96115.11,96115.12,9.91223
1739980320000.0,96115.11,96175.27,96114.74,96152.01,4.1807
1739980380000.0,96152.01,96183.81,96148.12,96156.79,5.00613
1739980440000.0,96156.79,96156.79,96113.64,96113.64,4.052
1739980500000.0,96113.27,96113.27,96011.71,96025.9,60.57817
1739980560000.0,96025.9,96031.56,95953.68,95991.88,16.93767
1739980620000.0,95991.89,95999.28,95927.46,95963.26,8.59392
1739980680000.0,95963.26,96022.84,95963.26,95990.41,5.48406
1739980740000.0,95990.41,95990.41,95924.52,95943.74,8.14454
1739980800000.0,95943.74,96048.0,95943.74,96048.0,38.8273
1739980860000.0,96048.0,96068.0,96017.95,96017.96,19.46011
1739980920000.0,96017.96,96022.0,95930.54,95998.57,16.21
1739980980000.0,95998.64,96095.92,95998.64,96067.78,8.9564
1739981040000.0,96067.78,96097.99,96037.96,96052.84,5.44919
1739981100000.0,96052.85,96056.0,95998.53,96026.21,26.3994
1739981160000.0,96026.22,96044.0,96000.0,96028.58,7.30093
1739981220000.0,96028.58,96054.0,95962.79,95963.62,7.24735
1739981280000.0,95963.62,96075.48,95963.62,96048.45,7.32683
1739981340000.0,96048.45,96133.99,96048.45,96133.99,12.7617
1739981400000.0,96133.99,96133.99,96034.03,96069.93,8.78167
1739981460000.0,96069.93,96163.69,96069.92,96163.68,16.78873
1739981520000.0,96163.68,96220.0,96163.68,96197.66,10.93163
1739981580000.0,96197.66,96197.66,96160.32,96160.33,5.2436
1739981640000.0,96160.32,96210.76,96160.32,96197.97,12.35
1739981700000.0,96197.97,96220.0,96177.09,96206.0,19.28491
1739981760000.0,96206.0,96233.0,96189.1,96229.99,8.6161
1739981820000.0,96229.99,96272.83,96207.24,96256.96,45.76265
1739981880000.0,96256.96,96339.63,96256.95,96339.62,32.12459
1739981940000.0,96339.63,96350.0,96306.58,96306.58,14.10892
1739982000000.0,96306.58,96306.58,96214.47,96234.0,9.01409
1739982060000.0,96234.0,96269.43,96200.22,96200.22,13.59201
1739982120000.0,96200.21,96254.67,96200.21,96236.68,11.11965
1739982180000.0,96236.67,96289.63,96236.67,96289.49,4.43092
1739982240000.0,96289.5,96333.8,96289.49,96315.74,18.33763
1739982300000.0,96315.74,96318.89,96286.0,96310.41,10.32132
1739982360000.0,96310.42,96339.63,96310.41,96316.41,15.23215
1739982420000.0,96316.42,96375.39,96316.41,96340.02,93.50846
1739982480000.0,96340.02,96340.02,96301.88,96315.98,12.77069
1739982540000.0,96315.99,96329.21,96315.98,96316.34,3.25906
1739982600000.0,96316.35,96339.63,96288.67,96294.8,7.29067
1739982660000.0,96294.8,96301.9,96214.01,96256.14,20.4775
1739982720000.0,96256.14,96260.36,96226.41,96228.8,3.72282
1739982780000.0,96228.8,96313.85,96228.8,96268.18,6.47043
1739982840000.0,96268.19,96309.58,96257.56,96309.58,5.92074
1739982900000.0,96309.58,96327.78,96290.2,96290.2,7.19524
1739982960000.0,96290.21,96295.08,96228.16,96233.18,7.46024
1739983020000.0,96233.18,96258.63,96179.18,96179.19,20.35838
1739983080000.0,96179.18,96179.18,96083.3,96083.31,9.29772
1739983140000.0,96083.31,96142.56,96077.62,96117.83,17.92843
1739983200000.0,96117.83,96123.14,96058.0,96058.0,6.82949
1739983260000.0,96058.01,96071.08,96022.0,96035.93,7.55869
1739983320000.0,96035.94,96103.24,96022.87,96103.24,3.27559
1739983380000.0,96103.24,96187.99,96103.24,96187.99,8.1882
1739983440000.0,96187.98,96219.99,96176.0,96204.0,3.71165
1739983500000.0,96204.0,96214.0,96146.08,96212.85,6.62118
1739983560000.0,96212.85,96239.28,96212.84,96239.28,5.92448
1739983620000.0,96239.28,96248.5,96189.85,96216.11,5.04215
1739983680000.0,96216.12,96216.12,96178.98,96209.62,8.19413
1739983740000.0,96209.61,96243.36,96196.29,96229.59,4.52134
1739983800000.0,96229.58,96277.42,96229.58,96277.42,3.18689
1739983860000.0,96277.41,96277.41,96143.58,96148.99,7.85001
1739983920000.0,96148.98,96166.97,96076.92,96076.92,7.81197
1739983980000.0,96076.93,96112.46,96044.31,96112.46,9.20582
1739984040000.0,96112.45,96161.91,96112.45,96161.9,3.00268
1739984100000.0,96161.91,96220.0,96161.9,96219.99,6.81423
1739984160000.0,96220.0,96226.28,96210.37,96221.99,1.84935
1739984220000.0,96221.98,96226.26,96194.32,96206.71,3.6179
1739984280000.0,96206.7,96273.96,96206.7,96273.96,3.59222
1739984340000.0,96273.96,96300.0,96273.96,96300.0,3.27738
1739984400000.0,96300.0,96332.52,96289.02,96289.02,20.16111
1739984460000.0,96289.02,96324.0,96278.86,96319.98,4.62603
1739984520000.0,96319.98,96410.0,96309.25,96377.44,34.75646
1739984580000.0,96377.44,96392.0,96368.56,96378.23,3.67361
1739984640000.0,96378.23,96433.98,96357.15,96433.97,28.75253
1739984700000.0,96433.98,96473.05,96399.18,96429.42,31.83786
1739984760000.0,96429.42,96429.43,96378.0,96381.46,4.93955
1739984820000.0,96381.46,96387.77,96344.0,96354.0,3.90463
1739984880000.0,96354.0,96368.06,96326.92,96368.06,8.49944
1739984940000.0,96368.06,96368.84,96340.52,96340.53,2.23627
1739985000000.0,96340.53,96345.48,96307.69,96307.69,1.94219
1739985060000.0,96307.69,96307.7,96284.6,96290.68,1.67924
